Symbol,SignalTime,EntryTime,ExitTime,Confidence,EntryPrice,StopPrice,TargetPrice,ExitPrice,ExitReason,BarsHeld,TradeR
NVDA,2026-07-01 10:40:00+00:00,2026-07-01 10:45:00+00:00,2026-07-01 10:55:00+00:00,0.8533333333333334,198.859884,198.65735476895844,199.1636778465623,198.63748903348156,STOP,3,-1.0980882382988375
SPY,2026-07-01 10:40:00+00:00,2026-07-01 10:45:00+00:00,2026-07-01 11:00:00+00:00,0.8133333333333334,745.2645190000001,745.0107551247693,745.6451648128464,745.5706002963651,TARGET,4,1.2061657558101262
QQQ,2026-07-01 10:40:00+00:00,2026-07-01 10:45:00+00:00,2026-07-01 11:00:00+00:00,0.7766666666666666,732.903283,732.4762801332491,733.5437873001264,733.4704329213964,TARGET,4,1.328211039218511
MSFT,2026-07-01 11:00:00+00:00,2026-07-01 11:05:00+00:00,2026-07-01 11:10:00+00:00,0.8366666666666667,378.70226644,378.2093223049345,379.44168264259827,379.40373847433403,TARGET,2,1.4230254189773646
AAPL,2026-07-01 10:55:00+00:00,2026-07-01 11:00:00+00:00,2026-07-01 11:10:00+00:00,0.87,289.278925,289.1027495043416,289.5431882434877,289.0738392293912,STOP,3,-1.164099296797063
AAPL,2026-07-01 11:15:00+00:00,2026-07-01 11:20:00+00:00,2026-07-01 11:20:00+00:00,0.73,289.25892300000004,289.0782344787719,289.52995578184226,289.50100278626405,TARGET,1,1.3397629501784967
AMZN,2026-07-01 10:45:00+00:00,2026-07-01 10:55:00+00:00,2026-07-01 11:25:00+00:00,0.7633333333333333,239.88398600000002,239.5915489921635,240.32264151175482,239.56758983726428,STOP,7,-1.0819292847935646
QQQ,2026-07-01 11:50:00+00:00,2026-07-01 11:55:00+00:00,2026-07-01 12:00:00+00:00,0.7166666666666667,732.223215,731.7905181610364,732.8722602584454,731.7173391092203,STOP,2,-1.1691231486491507
SPY,2026-07-01 12:00:00+00:00,2026-07-01 12:05:00+00:00,2026-07-01 12:05:00+00:00,0.8266666666666667,744.694462,744.4461462447398,745.0669356328905,744.3717016301154,STOP,1,-1.2997981926133415
NVDA,2026-07-01 11:35:00+00:00,2026-07-01 11:40:00+00:00,2026-07-01 12:15:00+00:00,0.8066666666666666,198.689867,198.46477389545393,199.02750665681907,199.00760390615338,TARGET,8,1.411579918426001
AMZN,2026-07-01 12:05:00+00:00,2026-07-01 12:10:00+00:00,2026-07-01 12:25:00+00:00,0.73,239.913989,239.43056884856142,240.63911922715783,240.6150553152351,TARGET,4,1.4502215374118883
AAPL,2026-07-01 12:05:00+00:00,2026-07-01 12:10:00+00:00,2026-07-01 12:30:00+00:00,0.71,288.868884,288.6595515051429,289.18288274228564,289.15396445401143,TARGET,5,1.3618547574567803
META,2026-07-01 12:05:00+00:00,2026-07-01 12:10:00+00:00,2026-07-01 12:30:00+00:00,0.78,567.2567200000001,566.2837894637818,568.7161158043275,568.6592441927471,TARGET,5,1.4415460719307853
SPY,2026-07-01 12:10:00+00:00,2026-07-01 12:15:00+00:00,2026-07-01 12:30:00+00:00,0.78,745.1645090000001,744.9011142926583,745.5596010610127,744.8266241812291,STOP,4,-1.282807927998997
MSFT,2026-07-01 12:30:00+00:00,2026-07-01 12:35:00+00:00,2026-07-01 12:35:00+00:00,0.83,377.397736,376.8030738460887,378.28972923086695,376.7653935387041,STOP,1,-1.06336422645494
META,2026-07-01 12:35:00+00:00,2026-07-01 12:40:00+00:00,2026-07-01 12:40:00+00:00,0.7966666666666666,600.5500490000001,597.1444721594892,605.6584142607664,605.5978484193404,TARGET,1,1.4822156878959378
AAPL,2026-07-01 12:35:00+00:00,2026-07-01 12:40:00+00:00,2026-07-01 12:40:00+00:00,0.7133333333333334,289.01889900000003,288.7848408792913,289.36998618106315,289.34104918244503,TARGET,1,1.3763683202682926
MSFT,2026-07-01 12:40:00+00:00,2026-07-01 12:45:00+00:00,2026-07-01 12:45:00+00:00,0.8366666666666667,376.30762699999997,375.493941775454,377.5281548368189,377.4904020213352,TARGET,1,1.4536026778601623
AAPL,2026-07-01 12:45:00+00:00,2026-07-01 12:50:00+00:00,2026-07-01 12:50:00+00:00,0.7633333333333333,290.92909,290.54477457959297,291.5055631306105,290.515720102135,STOP,1,-1.0756006028256837
AMZN,2026-07-01 12:35:00+00:00,2026-07-01 12:40:00+00:00,2026-07-01 12:50:00+00:00,0.8266666666666667,238.0238,237.3487794943347,239.03633075849794,239.01242712542208,TARGET,3,1.4645882860220851
MSFT,2026-07-01 12:50:00+00:00,2026-07-01 12:55:00+00:00,2026-07-01 12:55:00+00:00,0.86,379.0379,378.0942632502639,380.45335512460406,380.4153097890916,TARGET,1,1.4596822235641995
SPY,2026-07-01 12:35:00+00:00,2026-07-01 12:40:00+00:00,2026-07-01 13:00:00+00:00,0.94,744.534446,744.2093588133496,745.0220767799756,744.9475745722976,TARGET,5,1.2708239182059498
META,2026-07-01 12:50:00+00:00,2026-07-01 12:55:00+00:00,2026-07-01 13:05:00+00:00,0.8133333333333334,593.65936,589.101090204591,600.4967646931136,600.4367150166444,TARGET,3,1.4868262127595713
AAPL,2026-07-01 13:00:00+00:00,2026-07-01 13:05:00+00:00,2026-07-01 13:10:00+00:00,0.7766666666666666,292.35923299999996,291.73246813898163,293.2993802915274,293.2700503534983,TARGET,2,1.4532042399736242
MSFT,2026-07-01 13:00:00+00:00,2026-07-01 13:05:00+00:00,2026-07-01 13:10:00+00:00,0.88,379.0379,377.9679785168092,380.6427822247862,380.6047179465637,TARGET,2,1.464423297577925
AMD,2026-07-01 12:45:00+00:00,2026-07-01 12:50:00+00:00,2026-07-01 13:10:00+00:00,0.8466666666666667,561.0561,559.3046662996445,563.6832505505332,559.2487358330145,STOP,5,-1.031934104396101
QQQ,2026-07-01 12:45:00+00:00,2026-07-01 12:50:00+00:00,2026-07-01 13:15:00+00:00,0.8,729.532946,728.6325326055297,730.8835660917055,730.8104777350962,TARGET,6,1.4188279993854702
SPY,2026-07-01 13:05:00+00:00,2026-07-01 13:10:00+00:00,2026-07-01 13:15:00+00:00,0.86,744.324425,743.9362060143535,744.9067534784698,744.8322628031219,TARGET,2,1.3081220184947369
NVDA,2026-07-01 13:10:00+00:00,2026-07-01 13:15:00+00:00,2026-07-01 13:25:00+00:00,0.6866666666666666,195.389537,194.8318386137116,196.22608457943258,196.20646197097463,TARGET,3,1.4648150166104235
META,2026-07-01 13:15:00+00:00,2026-07-01 13:20:00+00:00,2026-07-01 13:25:00+00:00,0.8033333333333333,603.370331,598.0870921948391,611.2951892077411,611.2340596888204,TARGET,2,1.4884295370367928
MSFT,2026-07-01 13:20:00+00:00,2026-07-01 13:25:00+00:00,2026-07-01 13:25:00+00:00,0.7666666666666667,381.028099,379.886141802962,382.741034795557,382.7027606920775,TARGET,1,1.4664837670109336
AMD,2026-07-01 13:25:00+00:00,2026-07-01 13:30:00+00:00,2026-07-01 13:30:00+00:00,0.7333333333333333,557.535748,555.1261447307111,561.1501529039334,555.070632116238,STOP,1,-1.0230380723584596
MSFT,2026-07-01 13:30:00+00:00,2026-07-01 13:35:00+00:00,2026-07-01 13:35:00+00:00,0.8466666666666667,376.88768500000003,375.4024596617377,379.11552300739356,379.07761145509284,TARGET,1,1.474474208509611
AMD,2026-07-01 13:35:00+00:00,2026-07-01 13:40:00+00:00,2026-07-01 13:40:00+00:00,0.7866666666666666,549.824977,546.5986425484192,554.6644786773711,554.6090122295034,TARGET,1,1.4828082151121655
META,2026-07-01 13:30:00+00:00,2026-07-01 13:35:00+00:00,2026-07-01 13:40:00+00:00,0.87,601.21261525,595.0642276206493,610.435196694026,610.3741531743566,TARGET,2,1.4900716214803853
NVDA,2026-07-01 13:30:00+00:00,2026-07-01 13:35:00+00:00,2026-07-01 13:40:00+00:00,0.8033333333333333,193.669365,192.9141399997193,194.80220250042103,194.782722280171,TARGET,2,1.4742060707169315
AMZN,2026-07-01 13:30:00+00:00,2026-07-01 13:35:00+00:00,2026-07-01 13:40:00+00:00,0.7933333333333333,238.42384,237.52158234448132,239.77722648327807,237.49783018624686,STOP,2,-1.0263252498764377
SPY,2026-07-01 13:30:00+00:00,2026-07-01 13:35:00+00:00,2026-07-01 13:40:00+00:00,0.8133333333333334,742.704263,742.068493506936,743.6579172395959,743.583551447872,TARGET,2,1.3830302609116867
QQQ,2026-07-01 13:30:00+00:00,2026-07-01 13:35:00+00:00,2026-07-01 13:45:00+00:00,0.87,726.302623,725.100844524415,728.1052907133775,728.0324801843061,TARGET,3,1.4394143508553108
AMZN,2026-07-01 13:45:00+00:00,2026-07-01 13:50:00+00:00,2026-07-01 13:50:00+00:00,0.8833333333333333,236.093607,235.01130558995095,237.71705911507357,237.69328740916205,TARGET,1,1.4780359651287687
SPY,2026-07-01 13:45:00+00:00,2026-07-01 13:50:00+00:00,2026-07-01 13:50:00+00:00,0.8733333333333333,743.7643690000001,743.0372622302255,744.855029154662,744.7805436517466,TARGET,1,1.3975590573327157
MSFT,2026-07-01 13:45:00+00:00,2026-07-01 13:50:00+00:00,2026-07-01 13:50:00+00:00,0.7566666666666667,375.5225485,373.79894104075714,378.1079596888643,378.0701488928954,TARGET,1,1.478062988897979
AAPL,2026-07-01 13:45:00+00:00,2026-07-01 13:50:00+00:00,2026-07-01 13:55:00+00:00,0.7833333333333333,290.3940365,289.32430513324,291.99863355014,291.969433686785,TARGET,2,1.4727035550583936
META,2026-07-01 13:45:00+00:00,2026-07-01 13:50:00+00:00,2026-07-01 14:00:00+00:00,0.9233333333333333,599.48144215,592.958509343264,609.265841360104,609.204914775968,TARGET,3,1.4906596333365378
QQQ,2026-07-01 13:50:00+00:00,2026-07-01 13:55:00+00:00,2026-07-01 14:10:00+00:00,0.8733333333333333,729.122905,727.6971122302898,731.261594154565,731.1884679951496,TARGET,4,1.4487119299739348
NVDA,2026-07-01 13:45:00+00:00,2026-07-01 13:50:00+00:00,2026-07-01 14:10:00+00:00,0.87,194.84948300000002,194.02085890174322,196.09241914738521,196.07280990547048,TARGET,5,1.476335177849656
SPY,2026-07-01 13:55:00+00:00,2026-07-01 14:00:00+00:00,2026-07-01 14:10:00+00:00,0.85,745.414534,744.6392807138168,746.5774139292748,746.5027561878819,TARGET,3,1.4036989036699576
MSFT,2026-07-01 13:55:00+00:00,2026-07-01 14:00:00+00:00,2026-07-01 14:10:00+00:00,0.8433333333333334,377.557752,375.7043353642243,380.33787695366357,380.2998431659682,TARGET,3,1.4794790944673566
AMZN,2026-07-01 13:55:00+00:00,2026-07-01 14:00:00+00:00,2026-07-01 14:20:00+00:00,0.89,237.94379199999997,236.8042035392944,239.6531746910583,239.6292093735892,TARGET,5,1.4789701999489393
MSFT,2026-07-01 14:15:00+00:00,2026-07-01 14:20:00+00:00,2026-07-01 14:30:00+00:00,0.7633333333333333,380.7830745,378.9654835864642,383.50946087030366,383.47110992421665,TARGET,3,1.4789001222434266
AMZN,2026-07-01 14:25:00+00:00,2026-07-01 14:30:00+00:00,2026-07-01 14:35:00+00:00,0.7933333333333333,240.3590335,239.232019402049,242.04955464692654,242.02534969146186,TARGET,2,1.4785229346210587
AAPL,2026-07-01 14:00:00+00:00,2026-07-01 14:05:00+00:00,2026-07-01 14:40:00+00:00,0.8566666666666667,292.069204,290.9481073481153,293.7508489778271,293.72147389292934,TARGET,8,1.4737979015026212
META,2026-07-01 14:05:00+00:00,2026-07-01 14:10:00+00:00,2026-07-01 14:50:00+00:00,0.8366666666666667,614.6364575,608.2542960596318,624.2096996605524,624.1472786905863,TARGET,9,1.4902194623954126
AMD,2026-07-01 14:40:00+00:00,2026-07-01 14:45:00+00:00,2026-07-01 15:00:00+00:00,0.7166666666666667,549.844979,545.486343351515,556.3829324727275,556.3272941794802,TARGET,4,1.487234929061661
SPY,2026-07-01 14:30:00+00:00,2026-07-01 14:35:00+00:00,2026-07-01 15:00:00+00:00,0.76,746.3646289999999,745.6443295608752,747.445078158687,747.3703336508712,TARGET,6,1.3962313396959172
MSFT,2026-07-01 14:35:00+00:00,2026-07-01 14:40:00+00:00,2026-07-01 15:10:00+00:00,0.9066666666666666,383.80387655,381.9640045153921,386.5636846019118,386.5250282334516,TARGET,7,1.4789896429028448
QQQ,2026-07-01 14:45:00+00:00,2026-07-01 14:50:00+00:00,2026-07-01 15:15:00+00:00,0.7633333333333333,728.082801,726.6579246347197,730.2201155479204,730.1470935363656,TARGET,6,1.4487520367842446
NVDA,2026-07-01 14:45:00+00:00,2026-07-01 14:50:00+00:00,2026-07-01 15:15:00+00:00,0.78,195.389537,194.64282338447543,196.5096074232868,196.48995646254448,TARGET,6,1.4736834037390159
AMZN,2026-07-01 14:40:00+00:00,2026-07-01 14:45:00+00:00,2026-07-01 15:20:00+00:00,0.8566666666666667,241.67416500000002,240.57197732755162,243.3274465086726,243.30311376402173,TARGET,8,1.477923229174915
SPY,2026-07-01 15:05:00+00:00,2026-07-01 15:10:00+00:00,2026-07-01 15:20:00+00:00,0.8466666666666667,747.7447669999999,747.0018615218648,748.8591252172025,748.7842393046808,TARGET,3,1.3991985996526641
AAPL,2026-07-01 14:45:00+00:00,2026-07-01 14:50:00+00:00,2026-07-01 15:20:00+00:00,0.85,294.87948500000005,293.82204954233265,296.4656381865011,296.4359916226825,TARGET,7,1.4719637131479812
NVDA,2026-07-01 15:50:00+00:00,2026-07-01 15:55:00+00:00,2026-07-01 16:45:00+00:00,0.6566666666666666,196.699668,196.11752077444373,197.5728888383344,197.55313154945057,TARGET,11,1.466061353526234
AMZN,2026-07-01 15:50:00+00:00,2026-07-01 15:55:00+00:00,2026-07-01 16:50:00+00:00,0.7666666666666667,241.61335892,240.6883250487096,243.0009097269356,242.9766096359629,TARGET,12,1.473730593303785
AMZN,2026-07-01 16:55:00+00:00,2026-07-01 17:00:00+00:00,2026-07-01 17:05:00+00:00,0.7433333333333333,242.274225,241.5660466283647,243.33649255745297,243.31215890819723,TARGET,2,1.4656390956990868
MSFT,2026-07-01 16:15:00+00:00,2026-07-01 16:20:00+00:00,2026-07-01 17:15:00+00:00,0.7233333333333334,385.618558,384.3456419585609,387.52793206215864,387.48917926895246,TARGET,12,1.46955589218408
NVDA,2026-07-01 16:50:00+00:00,2026-07-01 16:55:00+00:00,2026-07-01 17:15:00+00:00,0.9033333333333333,197.2447225,196.76074915221938,197.9706825216709,197.95088545341875,TARGET,5,1.4590947139073698
AMD,2026-07-01 17:05:00+00:00,2026-07-01 17:10:00+00:00,2026-07-01 17:20:00+00:00,0.72,549.85498,547.0055939994363,554.1290590008454,554.0736460949453,TARGET,3,1.480552685424446
SPY,2026-07-01 16:55:00+00:00,2026-07-01 17:00:00+00:00,2026-07-01 17:25:00+00:00,0.7833333333333333,747.584751,747.0342014710984,748.4105752933523,748.335734235823,TARGET,6,1.3640611723369196
NVDA,2026-07-01 17:20:00+00:00,2026-07-01 17:25:00+00:00,2026-07-01 17:50:00+00:00,0.7566666666666667,198.18481649999998,197.71735817377277,198.88600398934082,198.8661153889419,TARGET,6,1.4574537466057513
META,2026-07-01 16:50:00+00:00,2026-07-01 16:55:00+00:00,2026-07-01 17:50:00+00:00,0.7566666666666667,617.6217559999999,614.4996316783853,622.3049424824217,622.2427119881735,TARGET,12,1.4800678999816015
AAPL,2026-07-01 17:15:00+00:00,2026-07-01 17:20:00+00:00,2026-07-01 17:50:00+00:00,0.7133333333333334,294.0294,293.43844672903055,294.9158299064542,294.8863383234635,TARGET,7,1.4500948984641278
AAPL,2026-07-01 18:00:00+00:00,2026-07-01 18:05:00+00:00,2026-07-01 18:05:00+00:00,0.8133333333333334,293.6143585,292.91546954439104,294.6626919334134,294.63322566422005,TARGET,1,1.457838410584609
META,2026-07-01 18:10:00+00:00,2026-07-01 18:15:00+00:00,2026-07-01 18:25:00+00:00,0.7666666666666667,618.201814,615.9403787892252,621.5939668161622,621.5318074194805,TARGET,3,1.4725132975795259
MSFT,2026-07-01 17:30:00+00:00,2026-07-01 17:35:00+00:00,2026-07-01 18:35:00+00:00,0.7633333333333333,387.45874200000003,386.5212118249056,388.8650372626417,388.13798232,TIME,13,0.7244996886970098
NVDA,2026-07-01 18:10:00+00:00,2026-07-01 18:15:00+00:00,2026-07-01 19:00:00+00:00,0.77,197.929791,197.47987702215747,198.60466196676379,198.58480150056712,TARGET,10,1.4558571923195225
SPY,2026-07-01 18:50:00+00:00,2026-07-01 18:55:00+00:00,2026-07-01 19:00:00+00:00,0.78,746.554648,746.104321617599,747.2301375736015,747.1554145598442,TARGET,2,1.334069206962707
QQQ,2026-07-01 18:45:00+00:00,2026-07-01 18:50:00+00:00,2026-07-01 19:00:00+00:00,0.77,726.292622,725.5475776699217,727.4101884951176,727.3374474762682,TARGET,3,1.4023668580340658
AMD,2026-07-01 18:45:00+00:00,2026-07-01 18:50:00+00:00,2026-07-01 19:00:00+00:00,0.8066666666666666,544.634458,542.5090890781028,547.822511382846,547.7677291317077,TARGET,3,1.4742245919879013
AAPL,2026-07-01 19:25:00+00:00,2026-07-01 19:30:00+00:00,2026-07-01 19:50:00+00:00,0.7733333333333333,294.0294,293.4735250157521,294.86321247637187,294.8337261551242,TARGET,5,1.4469551210556086
MSFT,2026-07-01 20:00:00+00:00,2026-07-01 20:05:00+00:00,2026-07-01 20:05:00+00:00,0.7366666666666667,383.63725989,382.66740630220676,385.0920402716898,385.0535310676627,TARGET,1,1.4602937963916793
AMZN,2026-07-01 20:00:00+00:00,2026-07-01 20:05:00+00:00,2026-07-01 20:45:00+00:00,0.7233333333333334,241.284126,240.72945967249964,242.11612549125053,242.0919138787014,TARGET,9,1.4563492295301084
AMD,2026-07-01 20:10:00+00:00,2026-07-01 20:15:00+00:00,2026-07-01 21:10:00+00:00,0.8166666666666667,539.0539,536.3420546748464,543.1216679877303,543.0673558209315,TARGET,12,1.4799722475706503
QQQ,2026-07-01 20:50:00+00:00,2026-07-01 20:55:00+00:00,2026-07-01 21:50:00+00:00,0.6766666666666666,724.5224450000001,723.8003334641445,725.6056123037835,725.5330517425531,TARGET,12,1.3995161306426875
NVDA,2026-07-01 20:45:00+00:00,2026-07-01 20:50:00+00:00,2026-07-01 21:50:00+00:00,0.7533333333333333,197.20321835000001,196.78285496107983,197.83376343338028,197.74462356,TIME,13,1.2879456781208836
AMZN,2026-07-01 21:40:00+00:00,2026-07-01 21:45:00+00:00,2026-07-01 22:00:00+00:00,0.8166666666666667,241.72417,241.44381384234995,242.144704236475,242.12048976605135,TARGET,4,1.4136296108968893
AMD,2026-07-01 22:05:00+00:00,2026-07-01 22:10:00+00:00,2026-07-01 22:15:00+00:00,0.8133333333333334,543.49584415,542.3745021203881,545.1778571944178,542.3202646701761,STOP,2,-1.0483683379198372
SPY,2026-07-01 21:15:00+00:00,2026-07-01 21:20:00+00:00,2026-07-01 22:15:00+00:00,0.7466666666666667,745.1045029999999,744.7143653137017,745.6897095294471,745.6151405584942,TARGET,12,1.3088649890233557
NVDA,2026-07-01 22:10:00+00:00,2026-07-01 22:15:00+00:00,2026-07-01 22:25:00+00:00,0.76,197.34973300000001,197.1069979750441,197.71383553743388,197.69406415388013,TARGET,3,1.4185474631963382
META,2026-07-01 21:25:00+00:00,2026-07-01 21:30:00+00:00,2026-07-01 22:30:00+00:00,0.6766666666666666,612.77277115,611.6910474151167,614.3953567523251,612.958698,TIME,13,0.17188016126875597
QQQ,2026-07-01 22:00:00+00:00,2026-07-01 22:05:00+00:00,2026-07-01 22:30:00+00:00,0.84,725.042497,724.5594536112407,725.7670620831391,725.6944853769307,TARGET,6,1.349751165428967
AMD,2026-07-01 22:20:00+00:00,2026-07-01 22:25:00+00:00,2026-07-01 22:45:00+00:00,0.7966666666666666,544.15441,543.0217213924718,545.8534429112923,545.7988575670012,TARGET,5,1.4518090462565967
AMZN,2026-07-01 22:05:00+00:00,2026-07-01 22:10:00+00:00,2026-07-01 22:50:00+00:00,0.8466666666666667,241.804178,241.5480211285284,242.18841330720744,242.16419446587673,TARGET,9,1.4054530874321518
NVDA,2026-07-01 22:45:00+00:00,2026-07-01 22:50:00+00:00,2026-07-01 22:55:00+00:00,0.7166666666666667,197.579756,197.37618949732934,197.88510575400602,197.8653172434306,TARGET,2,1.402790929176548
AMD,2026-07-01 22:50:00+00:00,2026-07-01 22:55:00+00:00,2026-07-01 23:00:00+00:00,0.7033333333333334,545.35453,544.4125839487407,546.7674490768889,546.7127723319811,TARGET,2,1.44195342203023
MSFT,2026-07-01 22:00:00+00:00,2026-07-01 22:05:00+00:00,2026-07-01 23:05:00+00:00,0.7566666666666667,383.93838999999997,383.50200725262977,384.5929641210553,383.76162,TIME,13,-0.4050801757522609
TSLA,2026-07-01 23:05:00+00:00,2026-07-01 23:10:00+00:00,2026-07-01 23:10:00+00:00,0.67,423.35863163,423.0256536354747,423.8580986217879,422.98335107011115,STOP,1,-1.1270431261497693
MSFT,2026-07-01 23:10:00+00:00,2026-07-01 23:15:00+00:00,2026-07-01 23:35:00+00:00,0.9233333333333333,383.888385,383.53024564622984,384.4255940306553,384.38715147125225,TARGET,5,1.3926603318000064
QQQ,2026-07-01 23:30:00+00:00,2026-07-01 23:35:00+00:00,2026-07-01 23:45:00+00:00,0.76,724.542447,724.1407514925859,725.1449902611213,724.0683374174366,STOP,3,-1.1802710605737319
SPY,2026-07-01 23:45:00+00:00,2026-07-01 23:50:00+00:00,2026-07-01 23:50:00+00:00,0.8066666666666666,744.6744600000001,744.4162914266706,745.0617128599943,744.9872066887083,TARGET,1,1.2114049540377627
AAPL,2026-07-01 22:45:00+00:00,2026-07-01 22:50:00+00:00,2026-07-01 23:50:00+00:00,0.7966666666666666,293.91868893,293.61024171951397,294.381359745729,294.35192160975447,TARGET,13,1.404560213308036
META,2026-07-01 23:45:00+00:00,2026-07-01 23:50:00+00:00,2026-07-01 23:55:00+00:00,0.79,611.6111549999999,611.0346377633352,612.4759308549969,612.4146832619115,TARGET,2,1.3937627720554475
AMD,2026-07-01 23:45:00+00:00,2026-07-01 23:50:00+00:00,2026-07-01 23:55:00+00:00,0.86,543.294324,542.3213789537393,544.753741569391,544.699266195234,TARGET,2,1.44400981394967
GOOGL,2026-07-01 23:00:00+00:00,2026-07-01 23:05:00+00:00,2026-07-01 23:55:00+00:00,0.72,360.246021,359.909550902069,360.75072614689645,359.8735599469788,STOP,10,-1.1069662811391332
AAPL,2026-07-01 23:55:00+00:00,2026-07-02 08:00:00+00:00,2026-07-02 08:00:00+00:00,0.8666666666666667,296.049602,295.81033563622697,296.4085015456596,295.78075460266336,STOP,1,-1.123632227686058
SPY,2026-07-01 23:55:00+00:00,2026-07-02 08:00:00+00:00,2026-07-02 08:00:00+00:00,0.8666666666666667,745.314524,745.0368954852414,745.7309667721379,744.962391795693,STOP,1,-1.268357483427986
MSFT,2026-07-01 23:40:00+00:00,2026-07-01 23:45:00+00:00,2026-07-02 08:00:00+00:00,0.9333333333333333,384.548451,384.2464163893106,385.00150291603416,384.20799174767166,STOP,4,-1.127219332748716
TSLA,2026-07-01 23:30:00+00:00,2026-07-01 23:35:00+00:00,2026-07-02 08:00:00+00:00,0.72,423.092305,422.7064344800506,423.67111077992416,422.6641638366026,STOP,6,-1.1095461852165254
NVDA,2026-07-01 23:45:00+00:00,2026-07-01 23:50:00+00:00,2026-07-02 08:00:00+00:00,0.84,197.079706,196.89153146307464,197.36196780538802,196.87184230992833,STOP,3,-1.1046323985594708
AMZN,2026-07-01 23:05:00+00:00,2026-07-01 23:10:00+00:00,2026-07-02 08:00:00+00:00,0.8833333333333333,242.304228,242.03210719829568,242.71240920255644,242.6881379616362,TARGET,11,1.4108071093122168
QQQ,2026-07-01 23:50:00+00:00,2026-07-01 23:55:00+00:00,2026-07-02 08:00:00+00:00,0.8466666666666667,724.482441,723.983463342585,725.2309074861225,723.9110649962507,STOP,2,-1.1450933629158906
META,2026-07-02 08:00:00+00:00,2026-07-02 08:05:00+00:00,2026-07-02 08:05:00+00:00,0.8433333333333334,609.690963,608.7599577635013,611.087470854748,608.699081767725,STOP,1,-1.0653873827877245
GOOGL,2026-07-02 08:00:00+00:00,2026-07-02 08:05:00+00:00,2026-07-02 08:05:00+00:00,0.7,358.855882,358.31021192031307,359.6743871195304,358.274380899121,STOP,1,-1.0656642585435676
META,2026-07-02 08:10:00+00:00,2026-07-02 08:15:00+00:00,2026-07-02 08:15:00+00:00,0.75,609.6509590000001,608.5497350971007,611.302794854349,611.2416645748636,TARGET,1,1.4444887825949404
AMZN,2026-07-02 08:05:00+00:00,2026-07-02 08:10:00+00:00,2026-07-02 08:15:00+00:00,0.74,243.074305,242.7078448760926,243.62399518586113,243.59963278634254,TARGET,2,1.433519643941535
SPY,2026-07-02 08:10:00+00:00,2026-07-02 08:15:00+00:00,2026-07-02 08:20:00+00:00,0.8333333333333334,744.47824038,743.845394225873,745.4275096111905,745.3529668602295,TARGET,2,1.3822103121351628
NVDA,2026-07-02 08:10:00+00:00,2026-07-02 08:15:00+00:00,2026-07-02 08:30:00+00:00,0.7533333333333333,195.11951,194.55592421089682,195.96488868365475,195.9452921947864,TARGET,4,1.4652289159037477
AMD,2026-07-02 08:05:00+00:00,2026-07-02 08:10:00+00:00,2026-07-02 08:30:00+00:00,0.84,526.7626710000001,523.5700147352601,531.55165539711,531.4985002315703,TARGET,5,1.4833508022373898
META,2026-07-02 08:20:00+00:00,2026-07-02 08:25:00+00:00,2026-07-02 08:30:00+00:00,0.7433333333333333,613.8613799999999,612.5278604102551,615.8616593846172,615.8000732186787,TARGET,2,1.4538168269801985
QQQ,2026-07-02 08:05:00+00:00,2026-07-02 08:10:00+00:00,2026-07-02 08:30:00+00:00,0.9233333333333333,720.8020730000001,719.359498687558,722.965934468663,722.8936378752162,TARGET,5,1.4498836262205799
MSFT,2026-07-02 08:05:00+00:00,2026-07-02 08:10:00+00:00,2026-07-02 08:50:00+00:00,0.8633333333333333,387.0407002,386.3875787074546,388.02038243881805,386.3489399495839,STOP,9,-1.0591601383689633
META,2026-07-02 09:00:00+00:00,2026-07-02 09:05:00+00:00,2026-07-02 09:25:00+00:00,0.8166666666666667,609.8609799999999,608.3655307534896,612.1041538697655,612.0429434543785,TARGET,5,1.4590688781114907
AMZN,2026-07-02 09:55:00+00:00,2026-07-02 10:00:00+00:00,2026-07-02 10:00:00+00:00,0.8433333333333334,242.454243,242.1858709280299,242.8568011079551,242.1616523409371,STOP,1,-1.0902425759693217
AAPL,2026-07-02 10:00:00+00:00,2026-07-02 10:05:00+00:00,2026-07-02 10:05:00+00:00,0.8433333333333334,295.589556,295.25308294330597,296.0942655850411,295.2235576350116,STOP,1,-1.0877493983751585
MSFT,2026-07-02 09:05:00+00:00,2026-07-02 09:10:00+00:00,2026-07-02 10:10:00+00:00,0.7333333333333333,385.408537,384.83642647415456,386.2667027887682,385.641432,TIME,13,0.4070804319773959
META,2026-07-02 09:40:00+00:00,2026-07-02 09:45:00+00:00,2026-07-02 10:15:00+00:00,0.7766666666666666,612.2312169999999,611.0587805801307,613.9898716298037,613.9284726426407,TARGET,7,1.4476312863346243
AMZN,2026-07-02 10:05:00+00:00,2026-07-02 10:10:00+00:00,2026-07-02 10:25:00+00:00,0.8833333333333333,242.054203,241.74616789712783,242.51625565430825,242.49200402874283,TARGET,4,1.421269928851288
AMD,2026-07-02 10:10:00+00:00,2026-07-02 10:15:00+00:00,2026-07-02 10:25:00+00:00,0.8066666666666666,530.06290099,528.2344428567372,532.8055881898941,528.1816194124516,STOP,3,-1.028889611046981
QQQ,2026-07-02 10:00:00+00:00,2026-07-02 10:05:00+00:00,2026-07-02 10:30:00+00:00,0.83,721.852178,721.022193018295,723.0971554725576,723.0248457570103,TARGET,6,1.4128782843773302
SPY,2026-07-02 10:00:00+00:00,2026-07-02 10:05:00+00:00,2026-07-02 10:30:00+00:00,0.8766666666666667,745.534546,745.1753607303095,746.0733239045356,745.9987165721452,TARGET,5,1.292287327220497
MSFT,2026-07-02 10:25:00+00:00,2026-07-02 10:30:00+00:00,2026-07-02 10:55:00+00:00,0.78,385.788575,385.2370232695405,386.6159025956892,386.57724100542964,TARGET,6,1.429903963446238
NVDA,2026-07-02 09:55:00+00:00,2026-07-02 10:00:00+00:00,2026-07-02 11:00:00+00:00,0.83,195.739572,195.44628872348804,196.17949691476795,196.15987896507647,TARGET,13,1.4331092112553752
AMD,2026-07-02 10:30:00+00:00,2026-07-02 10:35:00+00:00,2026-07-02 11:00:00+00:00,0.9133333333333333,529.802975,528.130170162325,532.3121822565122,532.2589510382866,TARGET,6,1.4681784646798839
AAPL,2026-07-02 10:30:00+00:00,2026-07-02 10:35:00+00:00,2026-07-02 11:00:00+00:00,0.7633333333333333,295.879585,295.52215518420417,296.41572972369386,295.49260296868573,STOP,6,-1.0826797715591654
SPY,2026-07-02 10:40:00+00:00,2026-07-02 10:45:00+00:00,2026-07-02 11:05:00+00:00,0.8033333333333333,746.164609,745.8483143119787,746.6390510320322,745.7737294805476,STOP,5,-1.2358080431186556
AMD,2026-07-02 11:05:00+00:00,2026-07-02 11:10:00+00:00,2026-07-02 11:10:00+00:00,0.79,532.0532,530.5701400482682,534.2777899275977,534.224362148605,TARGET,1,1.463974633034743
NVDA,2026-07-02 11:05:00+00:00,2026-07-02 11:10:00+00:00,2026-07-02 11:15:00+00:00,0.9333333333333333,196.21962,195.96070245997694,196.60799631003457,196.58833551040357,TARGET,2,1.424065400786491
AMZN,2026-07-02 11:05:00+00:00,2026-07-02 11:10:00+00:00,2026-07-02 11:20:00+00:00,0.79,242.244222,241.87663351466097,242.79560472800858,242.7713251675358,TARGET,3,1.4339490722883133
AMD,2026-07-02 11:15:00+00:00,2026-07-02 11:20:00+00:00,2026-07-02 11:30:00+00:00,0.8,531.76557124,530.1468425061088,534.1936643408368,534.1402449744027,TARGET,3,1.4669991856475455
META,2026-07-02 10:30:00+00:00,2026-07-02 10:35:00+00:00,2026-07-02 11:35:00+00:00,0.7066666666666667,614.3614299999999,613.2975065150201,615.9573152274696,614.9385,TIME,13,0.542398027815889
SPY,2026-07-02 11:15:00+00:00,2026-07-02 11:20:00+00:00,2026-07-02 11:35:00+00:00,0.87,746.0145940000001,745.712393896462,746.4678941553074,746.3932473658919,TARGET,4,1.2529888688274855
QQQ,2026-07-02 10:40:00+00:00,2026-07-02 10:45:00+00:00,2026-07-02 11:35:00+00:00,0.7633333333333333,723.132306,722.3830773611237,724.2561489583145,724.1837233434187,TARGET,11,1.4033330933474388
MSFT,2026-07-02 11:00:00+00:00,2026-07-02 11:05:00+00:00,2026-07-02 11:40:00+00:00,0.7766666666666666,386.63866,386.0602615264504,387.5062577103244,386.02165550029775,STOP,8,-1.0667464177692683
AMD,2026-07-02 11:35:00+00:00,2026-07-02 11:40:00+00:00,2026-07-02 11:45:00+00:00,0.8033333333333333,535.55355,533.9121638960676,538.0156291558985,537.9618275929829,TARGET,2,1.4672218725461466
NVDA,2026-07-02 11:20:00+00:00,2026-07-02 11:25:00+00:00,2026-07-02 11:50:00+00:00,0.89,196.51964999999998,196.24528038067396,196.93120442898905,196.91151130854615,TARGET,6,1.4282241215654934
AMD,2026-07-02 11:50:00+00:00,2026-07-02 11:55:00+00:00,2026-07-02 12:00:00+00:00,0.8633333333333333,538.0538,536.2710735895265,540.7278896157104,540.6738168267489,TARGET,2,1.4696684871869532
SPY,2026-07-02 11:50:00+00:00,2026-07-02 11:55:00+00:00,2026-07-02 12:00:00+00:00,0.8066666666666666,746.49244178,746.1772606449126,746.9652134826313,746.1026429188481,STOP,2,-1.2367455337826858
QQQ,2026-07-02 11:50:00+00:00,2026-07-02 11:55:00+00:00,2026-07-02 12:05:00+00:00,0.7766666666666666,724.67246,723.9607572162815,725.7400141755777,725.6674401741601,TARGET,3,1.3980276555356268
NVDA,2026-07-02 11:55:00+00:00,2026-07-02 12:00:00+00:00,2026-07-02 12:05:00+00:00,0.8833333333333333,196.87968600000002,196.59881573274978,197.30099140087538,197.2812613017353,TARGET,2,1.4297536925740224
AMD,2026-07-02 12:05:00+00:00,2026-07-02 12:10:00+00:00,2026-07-02 12:15:00+00:00,0.89,544.044399,542.0620565350545,547.0179126974183,546.9632109061486,TARGET,2,1.4724054787520084
NVDA,2026-07-02 12:15:00+00:00,2026-07-02 12:20:00+00:00,2026-07-02 12:20:00+00:00,0.82,197.61965999,197.30316765860334,198.094398487095,197.2834373418375,STOP,1,-1.062340583984377
AAPL,2026-07-02 12:05:00+00:00,2026-07-02 12:10:00+00:00,2026-07-02 12:25:00+00:00,0.7933333333333333,294.22942,293.8144915040293,294.85181274395603,294.82232756268166,TARGET,4,1.4289391267153402
SPY,2026-07-02 12:05:00+00:00,2026-07-02 12:10:00+00:00,2026-07-02 12:25:00+00:00,0.8366666666666667,746.904683,746.5753081990571,747.3987452014143,747.3240053268942,TARGET,4,1.2730856328225342
NVDA,2026-07-02 12:25:00+00:00,2026-07-02 12:30:00+00:00,2026-07-02 12:30:00+00:00,0.8166666666666667,197.6377618,197.31940871833655,198.11529142249515,198.0954798933529,TARGET,1,1.4377686905408442
QQQ,2026-07-02 12:10:00+00:00,2026-07-02 12:15:00+00:00,2026-07-02 12:30:00+00:00,0.8266666666666667,726.852678,726.0756266098036,728.0182550852944,727.9454532597858,TARGET,4,1.4063101534504179
AMZN,2026-07-02 12:10:00+00:00,2026-07-02 12:15:00+00:00,2026-07-02 12:30:00+00:00,0.7433333333333333,241.12411,240.69839366559785,241.76268450160322,241.73850823315306,TARGET,4,1.443210380959124
MSFT,2026-07-02 12:25:00+00:00,2026-07-02 12:30:00+00:00,2026-07-02 12:30:00+00:00,0.81,381.788175,380.91290581486453,383.10107877770326,383.0627686698255,TARGET,1,1.4562304848287124
AMD,2026-07-02 12:20:00+00:00,2026-07-02 12:25:00+00:00,2026-07-02 12:30:00+00:00,0.86,546.3546299999999,544.3203346663682,549.4060730004475,549.3511323931474,TARGET,2,1.4729928067022666
MSFT,2026-07-02 12:35:00+00:00,2026-07-02 12:40:00+00:00,2026-07-02 12:45:00+00:00,0.8366666666666667,381.60745693,380.6502156428169,383.0433188607748,383.0050145288887,TARGET,2,1.4599846638471454
META,2026-07-02 12:15:00+00:00,2026-07-02 12:20:00+00:00,2026-07-02 12:45:00+00:00,0.7766666666666666,604.8704809999999,603.3112661584078,607.2093032623883,607.148582332062,TARGET,6,1.4610567263045253
MSFT,2026-07-02 12:50:00+00:00,2026-07-02 12:55:00+00:00,2026-07-02 13:10:00+00:00,0.8566666666666667,383.418338,382.42850596357823,384.9030860546327,384.86459574602725,TARGET,4,1.4611143030442217
AMZN,2026-07-02 12:55:00+00:00,2026-07-02 13:00:00+00:00,2026-07-02 13:15:00+00:00,0.7966666666666666,241.31412899999998,240.89983092428028,241.93557611357951,240.87574094118784,STOP,4,-1.0581465000786927
META,2026-07-02 13:15:00+00:00,2026-07-02 13:20:00+00:00,2026-07-02 13:25:00+00:00,0.7633333333333333,607.0607,605.2413032974013,609.7897950538982,605.1807791670715,STOP,2,-1.0332660437623813
NVDA,2026-07-02 13:25:00+00:00,2026-07-02 13:30:00+00:00,2026-07-02 13:30:00+00:00,0.77,197.17971599999998,196.77161054992632,197.79187417511048,197.77209498769298,TARGET,1,1.4515341257659558
AMZN,2026-07-02 13:20:00+00:00,2026-07-02 13:25:00+00:00,2026-07-02 13:30:00+00:00,0.8333333333333334,241.32413,240.95129364623335,241.88338453064995,241.8591961921969,TARGET,2,1.4351234443511063
MSFT,2026-07-02 13:15:00+00:00,2026-07-02 13:20:00+00:00,2026-07-02 13:30:00+00:00,0.88,383.648361,382.6426844658566,385.15687580121516,385.11836011363505,TARGET,3,1.461701713948264
AAPL,2026-07-02 13:00:00+00:00,2026-07-02 13:05:00+00:00,2026-07-02 13:30:00+00:00,0.88,294.259423,293.8194142222056,294.91943616669164,293.79003228078335,STOP,6,-1.0667758074498137
SPY,2026-07-02 13:05:00+00:00,2026-07-02 13:10:00+00:00,2026-07-02 13:30:00+00:00,0.8333333333333334,747.47474,746.8681603577473,748.3846094633791,748.3097710024327,TARGET,5,1.3766222013842873
SPY,2026-07-02 13:35:00+00:00,2026-07-02 13:40:00+00:00,2026-07-02 13:40:00+00:00,0.8633333333333333,748.884881,748.1825912433612,749.9383156349579,749.8633218033945,TARGET,1,1.3932152564455618
QQQ,2026-07-02 13:35:00+00:00,2026-07-02 13:40:00+00:00,2026-07-02 13:40:00+00:00,0.8166666666666667,725.092502,723.6617420893053,727.2386418660419,727.1659180018553,TARGET,1,1.449171161672177
AMD,2026-07-02 13:35:00+00:00,2026-07-02 13:40:00+00:00,2026-07-02 13:40:00+00:00,0.77,528.0477995,524.0385873889294,534.0616176666058,534.0082115048391,TARGET,1,1.4866791378736621
MSFT,2026-07-02 13:35:00+00:00,2026-07-02 13:40:00+00:00,2026-07-02 13:40:00+00:00,0.8733333333333333,385.12850899999995,383.8269836514038,387.0807970228942,387.0420889431919,TARGET,1,1.4702594500030093
AAPL,2026-07-02 13:35:00+00:00,2026-07-02 13:40:00+00:00,2026-07-02 13:45:00+00:00,0.8466666666666667,300.160013,299.22630463362617,301.5605755495608,301.5304194920058,TARGET,2,1.4677029159843349
NVDA,2026-07-02 13:35:00+00:00,2026-07-02 13:40:00+00:00,2026-07-02 13:50:00+00:00,0.7733333333333333,197.779776,197.2278983415181,198.60759248772283,198.58773172847407,TARGET,3,1.4640123876306372
AMD,2026-07-02 13:45:00+00:00,2026-07-02 13:50:00+00:00,2026-07-02 13:50:00+00:00,0.84,535.1135059999999,530.801226169536,541.5819257456958,541.5277675531212,TARGET,1,1.4874409373454802
NVDA,2026-07-02 13:55:00+00:00,2026-07-02 14:00:00+00:00,2026-07-02 14:00:00+00:00,0.7166666666666667,198.909889,198.23991586891137,199.91484869663296,199.8948572117633,TARGET,1,1.4701607662427638
QQQ,2026-07-02 13:45:00+00:00,2026-07-02 13:50:00+00:00,2026-07-02 14:00:00+00:00,0.7366666666666667,728.122805,726.5020477300643,730.5539409049035,730.480885510813,TARGET,3,1.454925147987528
AAPL,2026-07-02 13:50:00+00:00,2026-07-02 13:55:00+00:00,2026-07-02 14:00:00+00:00,0.8066666666666666,301.780175,300.7288322591387,303.3571891112919,303.32685339238077,TARGET,2,1.471145737986173
AMZN,2026-07-02 13:40:00+00:00,2026-07-02 13:45:00+00:00,2026-07-02 14:05:00+00:00,0.7766666666666666,242.2122188,241.41038529052662,243.41496906421006,243.39062756730362,TARGET,5,1.4696427043534221
MSFT,2026-07-02 13:45:00+00:00,2026-07-02 13:50:00+00:00,2026-07-02 14:10:00+00:00,0.86,385.628559,384.1994958167717,387.7721537748425,387.733376559465,TARGET,5,1.472865289769848
AAPL,2026-07-02 14:05:00+00:00,2026-07-02 14:10:00+00:00,2026-07-02 14:25:00+00:00,0.9066666666666666,303.580355,302.54103214953636,305.1393392756954,305.10882534176784,TARGET,4,1.470640562829927
AMZN,2026-07-02 14:10:00+00:00,2026-07-02 14:15:00+00:00,2026-07-02 14:35:00+00:00,0.8466666666666667,243.78437599999998,242.90512278828447,245.10325581757326,245.0787454919915,TARGET,5,1.4721237008234271
AAPL,2026-07-02 14:30:00+00:00,2026-07-02 14:35:00+00:00,2026-07-02 15:00:00+00:00,0.8566666666666667,305.75057200000003,304.6447981350978,307.4092327973534,307.3784918740737,TARGET,6,1.4721996293677893
AMZN,2026-07-02 14:50:00+00:00,2026-07-02 14:55:00+00:00,2026-07-02 15:20:00+00:00,0.75,244.484446,243.554590771314,245.87922884302898,245.85464092014467,TARGET,6,1.4735572569516504
MSFT,2026-07-02 15:15:00+00:00,2026-07-02 15:20:00+00:00,2026-07-02 15:25:00+00:00,0.77,386.858682,385.199838591883,389.3469471121754,389.3080124174642,TARGET,2,1.476529011405949
QQQ,2026-07-02 15:15:00+00:00,2026-07-02 15:20:00+00:00,2026-07-02 15:35:00+00:00,0.68,715.0715,712.6339259661318,718.7278610508023,718.6559882646973,TARGET,4,1.470514624332835
AMD,2026-07-02 14:40:00+00:00,2026-07-02 14:45:00+00:00,2026-07-02 15:45:00+00:00,0.8333333333333334,518.291824,512.8742066334253,526.4182500498622,521.2478699999999,TIME,13,0.5456358026016965
AMZN,2026-07-02 15:25:00+00:00,2026-07-02 15:30:00+00:00,2026-07-02 16:10:00+00:00,0.8366666666666667,244.82448000000002,243.87455445588054,246.24936831617924,246.22474337934761,TARGET,9,1.4740769821550022
AAPL,2026-07-02 15:25:00+00:00,2026-07-02 15:30:00+00:00,2026-07-02 16:15:00+00:00,0.8033333333333333,305.450542,304.2615649557688,307.23400756634675,307.2032841655901,TARGET,10,1.4741598032478949
MSFT,2026-07-02 15:30:00+00:00,2026-07-02 15:35:00+00:00,2026-07-02 16:15:00+00:00,0.77,387.928789,386.2269640117956,390.48152648230666,390.44247832965846,TARGET,9,1.4770551302755583
SPY,2026-07-02 15:15:00+00:00,2026-07-02 15:20:00+00:00,2026-07-02 16:20:00+00:00,0.7033333333333334,744.7644690000001,743.380019212438,746.8411436813432,743.3056812105168,STOP,13,-1.0536949787482799
MSFT,2026-07-02 16:45:00+00:00,2026-07-02 16:50:00+00:00,2026-07-02 17:15:00+00:00,0.6766666666666666,389.9239885,388.71308032078,391.74035076883,391.70117673375313,TARGET,6,1.4676490457748097
AMZN,2026-07-02 17:00:00+00:00,2026-07-02 17:05:00+00:00,2026-07-02 17:30:00+00:00,0.7433333333333333,244.054403,243.30595812530555,245.17707031204168,245.15255260501047,TARGET,6,1.4672417998169451
NVDA,2026-07-02 17:30:00+00:00,2026-07-02 17:35:00+00:00,2026-07-02 17:40:00+00:00,0.7466666666666667,192.949293,192.35867270613844,193.83522344079236,192.3394368388678,STOP,2,-1.0325689236732047
QQQ,2026-07-02 17:35:00+00:00,2026-07-02 17:40:00+00:00,2026-07-02 18:05:00+00:00,0.7466666666666667,708.860879,707.2813963079658,711.2301030380511,711.1589800277472,TARGET,6,1.454970693466509
SPY,2026-07-02 17:35:00+00:00,2026-07-02 17:40:00+00:00,2026-07-02 18:05:00+00:00,0.81,740.8190744999999,739.8723473388349,742.2391652417475,742.1649413252234,TARGET,6,1.4215994643769798
META,2026-07-02 17:35:00+00:00,2026-07-02 17:40:00+00:00,2026-07-02 18:10:00+00:00,0.7966666666666666,584.3072248799999,582.8505789782113,586.492193732683,586.4335445133097,TARGET,7,1.4597368040501968
NVDA,2026-07-02 17:45:00+00:00,2026-07-02 17:50:00+00:00,2026-07-02 18:25:00+00:00,0.92,192.839282,192.241463929441,193.7360091058385,193.71663550492792,TARGET,8,1.4675928148300372
SPY,2026-07-02 18:15:00+00:00,2026-07-02 18:20:00+00:00,2026-07-02 18:30:00+00:00,0.7533333333333333,741.744167,740.7840055672352,743.1844091491471,743.1100907082322,TARGET,3,1.4225979732378375
AMD,2026-07-02 17:35:00+00:00,2026-07-02 17:40:00+00:00,2026-07-02 18:30:00+00:00,0.7833333333333333,511.04109900000003,507.8969207147048,515.7573664279429,515.7057906913001,TARGET,11,1.4835964338014667
QQQ,2026-07-02 18:15:00+00:00,2026-07-02 18:20:00+00:00,2026-07-02 18:50:00+00:00,0.78,709.990992,708.4265304018174,712.3376843972737,712.266450628834,TARGET,7,1.4544675506752207
META,2026-07-02 18:55:00+00:00,2026-07-02 19:00:00+00:00,2026-07-02 19:05:00+00:00,0.7433333333333333,585.0585,583.4092763249865,587.5323355125201,583.3509353973541,STOP,2,-1.0353747817936108
AAPL,2026-07-02 18:15:00+00:00,2026-07-02 18:20:00+00:00,2026-07-02 19:10:00+00:00,0.78,307.1357105,306.34979440007766,308.31458464988356,308.28375319141855,TARGET,11,1.4607700383437268
MSFT,2026-07-02 18:15:00+00:00,2026-07-02 18:20:00+00:00,2026-07-02 19:10:00+00:00,0.82,390.5240485,389.5108500511545,392.04384617326826,392.00464178865093,TARGET,11,1.461306312043799
AMZN,2026-07-02 19:00:00+00:00,2026-07-02 19:05:00+00:00,2026-07-02 19:10:00+00:00,0.7966666666666666,242.934291,242.38291687039518,243.76135219440727,243.73697605918784,TARGET,2,1.4557902086612784
SPY,2026-07-02 19:00:00+00:00,2026-07-02 19:05:00+00:00,2026-07-02 19:35:00+00:00,0.8233333333333334,741.714164,740.8623334317474,742.9919098523789,742.9176106613936,TARGET,7,1.412777031308399
NVDA,2026-07-02 19:00:00+00:00,2026-07-02 19:05:00+00:00,2026-07-02 19:35:00+00:00,0.8933333333333333,192.80427849999998,192.25798991955216,193.6237113706717,193.60434899953464,TARGET,7,1.4645565149445277
AMD,2026-07-02 19:05:00+00:00,2026-07-02 19:10:00+00:00,2026-07-02 19:50:00+00:00,0.77,508.530848,505.3712872685993,513.270189097101,513.2188620781914,TARGET,9,1.4837550142969065
AAPL,2026-07-02 19:20:00+00:00,2026-07-02 19:25:00+00:00,2026-07-02 19:50:00+00:00,0.86,307.660763,307.0088224092425,308.6386738861362,308.60781001874756,TARGET,6,1.4526584663906692
MSFT,2026-07-02 19:45:00+00:00,2026-07-02 19:50:00+00:00,2026-07-02 19:50:00+00:00,0.7233333333333334,390.349031,389.45534875343805,391.689554369843,391.650385414406,TARGET,1,1.4561712727452336
NVDA,2026-07-02 19:40:00+00:00,2026-07-02 19:45:00+00:00,2026-07-02 19:50:00+00:00,0.88,193.679366,193.17154262296447,194.44110106555326,194.4216569554467,TARGET,2,1.461710880227552
SPY,2026-07-02 19:40:00+00:00,2026-07-02 19:45:00+00:00,2026-07-02 19:50:00+00:00,0.86,743.334326,742.5525771265346,744.5069493101981,744.4324986152671,TARGET,2,1.4047639242497958
QQQ,2026-07-02 19:00:00+00:00,2026-07-02 19:05:00+00:00,2026-07-02 19:50:00+00:00,0.8166666666666667,709.5009429999999,708.0622402975232,711.658997053715,711.5878311540096,TARGET,10,1.4505346729502537
META,2026-07-02 19:45:00+00:00,2026-07-02 19:50:00+00:00,2026-07-02 19:55:00+00:00,0.74,582.9582899999999,581.3724791422944,585.3370062865582,585.2784725859295,TARGET,2,1.4630891033793767
AMZN,2026-07-02 19:55:00+00:00,2026-07-02 20:00:00+00:00,2026-07-02 20:00:00+00:00,0.7533333333333333,242.304228,241.66326239006514,243.26567641490226,243.24134984726078,TARGET,1,1.4620470002377077
SPY,2026-07-02 20:00:00+00:00,2026-07-02 20:05:00+00:00,2026-07-02 20:05:00+00:00,0.69,744.30172273,743.4823343612202,745.5308052831698,745.4562522026415,TARGET,1,1.409013743215123
MSFT,2026-07-02 20:10:00+00:00,2026-07-02 20:15:00+00:00,2026-07-02 21:15:00+00:00,0.69,389.828979,388.8468815094218,391.3021252358673,390.640932,TIME,13,0.826753970750885
NVDA,2026-07-02 21:05:00+00:00,2026-07-02 21:10:00+00:00,2026-07-02 22:00:00+00:00,0.6866666666666666,194.11941,193.77525688829434,194.63563966755845,194.6161761035917,TARGET,11,1.443445044357427
META,2026-07-02 21:35:00+00:00,2026-07-02 21:40:00+00:00,2026-07-02 22:15:00+00:00,0.75,583.15831,582.3343131546555,584.3943052680166,584.3358658374898,TARGET,8,1.4290780894888881
SPY,2026-07-02 21:10:00+00:00,2026-07-02 21:15:00+00:00,2026-07-02 22:15:00+00:00,0.75,744.314424,743.7643232449941,745.139575132509,745.02549,TIME,13,1.2926104782246601
QQQ,2026-07-02 21:20:00+00:00,2026-07-02 21:25:00+00:00,2026-07-02 22:25:00+00:00,0.76,713.1513080000001,712.511856983738,714.1104845243932,713.688624,TIME,13,0.8402770287875655
AMD,2026-07-02 21:40:00+00:00,2026-07-02 21:45:00+00:00,2026-07-02 22:40:00+00:00,0.82,518.9718919999999,517.6811354373474,520.9080268439787,520.8559360412944,TARGET,12,1.4596432013661482
META,2026-07-02 22:25:00+00:00,2026-07-02 22:30:00+00:00,2026-07-02 22:50:00+00:00,0.7933333333333333,584.0584,583.2395816114094,585.2866275828858,585.2280989201275,TARGET,5,1.4285205809079935
MSFT,2026-07-02 22:00:00+00:00,2026-07-02 22:05:00+00:00,2026-07-02 23:00:00+00:00,0.85,390.179014,389.72966931247794,390.853031031283,390.8139457281799,TARGET,12,1.4130171020408737
AMZN,2026-07-02 22:05:00+00:00,2026-07-02 22:10:00+00:00,2026-07-02 23:00:00+00:00,0.7833333333333333,242.634261,242.33929601189865,243.07670848215204,243.05240081130384,TARGET,11,1.417591335145683
AAPL,2026-07-02 22:15:00+00:00,2026-07-02 22:20:00+00:00,2026-07-02 23:20:00+00:00,0.75,307.980795,307.7397946331205,308.34229555031925,308.12578434000005,TIME,13,0.6016146028214778
QQQ,2026-07-02 23:10:00+00:00,2026-07-02 23:15:00+00:00,2026-07-02 23:20:00+00:00,0.87,713.3161244800001,712.9014386783891,713.9381531824166,713.8667593670983,TARGET,2,1.327836364204223
GOOGL,2026-07-02 23:00:00+00:00,2026-07-02 23:05:00+00:00,2026-07-02 23:20:00+00:00,0.7333333333333333,359.115908,358.71604948858055,359.71569576712915,358.6801778836317,STOP,4,-1.0897107449870536
SPY,2026-07-02 22:20:00+00:00,2026-07-02 22:25:00+00:00,2026-07-02 23:20:00+00:00,0.8933333333333333,745.204513,744.8888440331174,745.6780164503239,745.6034486486789,TARGET,12,1.2637784848428275
AAPL,2026-07-02 23:25:00+00:00,2026-07-02 23:30:00+00:00,2026-07-02 23:30:00+00:00,0.8033333333333333,308.2358205,308.0375322711546,308.5332528432681,308.00672851792746,STOP,1,-1.1553483704327692
MSFT,2026-07-02 23:05:00+00:00,2026-07-02 23:10:00+00:00,2026-07-02 23:35:00+00:00,0.8333333333333334,390.63525962,390.2828304534167,391.163903369875,391.12478697953804,TARGET,6,1.3890092136353631
GOOGL,2026-07-02 23:25:00+00:00,2026-07-02 23:30:00+00:00,2026-07-02 23:40:00+00:00,0.77,359.205917,358.8623605947811,359.7212516078284,358.8264743587216,STOP,3,-1.1044551506370583
SPY,2026-07-02 23:25:00+00:00,2026-07-02 23:30:00+00:00,2026-07-02 23:40:00+00:00,0.9066666666666666,745.754568,745.4810689053375,746.1648166419938,745.4065207984469,STOP,3,-1.272571677001594
GOOGL,2026-07-02 23:45:00+00:00,2026-07-02 23:50:00+00:00,2026-07-02 23:50:00+00:00,0.6933333333333334,358.93589,358.615927836072,359.415833245892,359.3798916625674,TARGET,1,1.387669270380833
AAPL,2026-07-02 23:35:00+00:00,2026-07-02 23:40:00+00:00,2026-07-02 23:55:00+00:00,0.8333333333333334,308.150812,307.95417265982206,308.44577101026687,308.4149264331658,TARGET,4,1.343141372051419
AMZN,2026-07-02 23:15:00+00:00,2026-07-02 23:20:00+00:00,2026-07-02 23:55:00+00:00,0.8866666666666667,242.72427,242.46105175180472,243.1190973722929,243.09478546255568,TARGET,8,1.4076359260654856
MSFT,2026-07-02 23:40:00+00:00,2026-07-02 23:45:00+00:00,2026-07-06 08:00:00+00:00,0.9466666666666667,390.78907499999997,390.45520885909025,391.2898742113645,390.41616333820434,STOP,4,-1.116949627714614
META,2026-07-02 23:20:00+00:00,2026-07-02 23:25:00+00:00,2026-07-06 08:00:00+00:00,0.7133333333333334,584.55845,583.7243668085771,585.8095747871344,585.7509938296556,TARGET,8,1.4297660496205387
AMD,2026-07-02 23:00:00+00:00,2026-07-02 23:05:00+00:00,2026-07-06 08:00:00+00:00,0.9033333333333333,519.4519399999999,518.6268364677738,520.6895952983391,520.6375263388093,TARGET,12,1.4368940290568168
NVDA,2026-07-02 23:10:00+00:00,2026-07-02 23:15:00+00:00,2026-07-06 08:00:00+00:00,0.8033333333333333,194.39593764999998,194.22004920117192,194.65977032324207,194.20062719625182,STOP,10,-1.1104222878165695
TSLA,2026-07-02 23:10:00+00:00,2026-07-02 23:15:00+00:00,2026-07-06 08:00:00+00:00,0.6733333333333333,394.1354096,393.75776375677924,394.70187836483115,394.6624081769947,TARGET,10,1.3954835898633633
QQQ,2026-07-02 23:35:00+00:00,2026-07-02 23:40:00+00:00,2026-07-06 08:00:00+00:00,0.83,713.831376,713.3327198735766,714.579360189635,714.5079022536161,TARGET,5,1.3566989710293544
SPY,2026-07-02 23:45:00+00:00,2026-07-02 23:50:00+00:00,2026-07-06 08:00:00+00:00,0.83,745.824575,745.5566788644664,746.2264192033002,746.1517965613799,TARGET,3,1.2214493528555206
AMZN,2026-07-06 08:00:00+00:00,2026-07-06 08:05:00+00:00,2026-07-06 08:05:00+00:00,0.7633333333333333,243.794377,243.4715743923354,244.27858091149687,244.25415305340573,TARGET,1,1.4243257101673528
META,2026-07-06 08:05:00+00:00,2026-07-06 08:10:00+00:00,2026-07-06 08:10:00+00:00,0.77,587.818776,586.2607660447317,590.1557909329024,590.0967753538091,TARGET,1,1.4621211797179297
AMD,2026-07-06 08:05:00+00:00,2026-07-06 08:10:00+00:00,2026-07-06 08:15:00+00:00,0.73,532.4632409999999,530.7499340141342,535.0332014787986,530.6968590207327,STOP,2,-1.0309780989859236
AAPL,2026-07-06 08:30:00+00:00,2026-07-06 08:35:00+00:00,2026-07-06 08:45:00+00:00,0.84,305.51054800000003,305.0954086485935,306.13325702710983,305.06489910772865,STOP,3,-1.073492288219538
AMD,2026-07-06 08:20:00+00:00,2026-07-06 08:30:00+00:00,2026-07-06 09:05:00+00:00,0.8033333333333333,530.263021,528.4674577901068,532.9563658148398,532.9030701782584,TARGET,8,1.4703181507129803
NVDA,2026-07-06 08:15:00+00:00,2026-07-06 08:20:00+00:00,2026-07-06 09:20:00+00:00,0.6933333333333334,194.92949099999998,194.589623186838,195.43929271974298,195.210477,TIME,13,0.8267508399393195
MSFT,2026-07-06 08:15:00+00:00,2026-07-06 08:20:00+00:00,2026-07-06 09:20:00+00:00,0.7833333333333333,390.79287538,390.1646756602867,391.73517495957,391.16088,TIME,13,0.5858083161323046
AMZN,2026-07-06 08:10:00+00:00,2026-07-06 08:15:00+00:00,2026-07-06 09:25:00+00:00,0.7366666666666667,244.12440999999998,243.7534220372688,244.68089194409677,244.65642385490236,TARGET,12,1.4340461372000277
AMD,2026-07-06 09:25:00+00:00,2026-07-06 09:30:00+00:00,2026-07-06 09:30:00+00:00,0.7266666666666667,531.023097,529.6668079874922,533.0575305187617,529.6138413066935,STOP,1,-1.0390526505119797
AMZN,2026-07-06 09:30:00+00:00,2026-07-06 09:35:00+00:00,2026-07-06 09:35:00+00:00,0.87,244.82027958,244.59498375574168,245.1582233163875,245.13370749405587,TARGET,1,1.391183858323479
SPY,2026-07-06 09:10:00+00:00,2026-07-06 09:15:00+00:00,2026-07-06 09:45:00+00:00,0.7966666666666666,748.354828,748.0054863924678,748.8788404112984,747.9306858438285,STOP,7,-1.2141186363904535
AMZN,2026-07-06 09:40:00+00:00,2026-07-06 09:45:00+00:00,2026-07-06 09:45:00+00:00,0.83,245.314529,245.0622616821446,245.6929299767831,245.0377554559764,STOP,1,-1.0971438804540132
AMD,2026-07-06 09:35:00+00:00,2026-07-06 09:40:00+00:00,2026-07-06 09:45:00+00:00,0.6966666666666667,529.3229269999999,528.0238308616641,531.2715712075036,531.2184440503828,TARGET,2,1.4591045223266443
META,2026-07-06 09:00:00+00:00,2026-07-06 09:05:00+00:00,2026-07-06 10:00:00+00:00,0.8,592.8292769999999,591.576590004663,594.7083074930053,594.648836662256,TARGET,12,1.4525253866522954
NVDA,2026-07-06 09:45:00+00:00,2026-07-06 09:50:00+00:00,2026-07-06 10:00:00+00:00,0.8666666666666667,195.009499,194.80690698059763,195.31338702910358,195.29385569040068,TARGET,3,1.4035927537496007
QQQ,2026-07-06 09:30:00+00:00,2026-07-06 09:35:00+00:00,2026-07-06 10:00:00+00:00,0.7466666666666667,720.342027,719.7038770662995,721.2992519005509,721.2271219753608,TARGET,6,1.3869702535706243
AAPL,2026-07-06 09:30:00+00:00,2026-07-06 09:35:00+00:00,2026-07-06 10:35:00+00:00,0.85,305.440541,305.1493286312076,305.87735955318857,305.609436,TIME,13,0.5799719314821484
AMZN,2026-07-06 09:50:00+00:00,2026-07-06 09:55:00+00:00,2026-07-06 10:45:00+00:00,0.75,245.91458899999998,245.6361544249104,246.33224086263436,245.6115908094679,STOP,10,-1.0882204210255522
AAPL,2026-07-06 10:40:00+00:00,2026-07-06 10:45:00+00:00,2026-07-06 10:45:00+00:00,0.9566666666666667,305.650562,305.46066004565546,305.93541493151673,305.9048213900236,TARGET,1,1.3388982272521934
AMD,2026-07-06 10:00:00+00:00,2026-07-06 10:05:00+00:00,2026-07-06 10:45:00+00:00,0.8,532.0532,530.7050425579909,534.0754361630137,530.6519720537351,STOP,8,-1.0393652125501414
AAPL,2026-07-06 10:50:00+00:00,2026-07-06 10:55:00+00:00,2026-07-06 11:00:00+00:00,0.83,305.87058399999995,305.66944404957025,306.1722939256445,306.141676696252,TARGET,2,1.3477814609821488
NVDA,2026-07-06 10:10:00+00:00,2026-07-06 10:15:00+00:00,2026-07-06 11:00:00+00:00,0.6966666666666667,195.31953000000001,195.1269288701509,195.60843169477369,195.10741617726387,STOP,10,-1.101311414436172
META,2026-07-06 10:55:00+00:00,2026-07-06 11:00:00+00:00,2026-07-06 11:00:00+00:00,0.78,592.549249,591.6862751588021,593.843709761797,591.6271065312862,STOP,1,-1.0685636396970508
QQQ,2026-07-06 10:25:00+00:00,2026-07-06 10:30:00+00:00,2026-07-06 11:05:00+00:00,0.7266666666666667,720.7220649999999,720.1790271161477,721.5366218257783,720.1070092134361,STOP,8,-1.1326204024676305
AMZN,2026-07-06 11:05:00+00:00,2026-07-06 11:10:00+00:00,2026-07-06 11:10:00+00:00,0.7333333333333333,244.684466,244.39632619018278,245.1166757147258,245.09216404715434,TARGET,1,1.4149313397999064
AMD,2026-07-06 11:05:00+00:00,2026-07-06 11:10:00+00:00,2026-07-06 11:20:00+00:00,0.8433333333333334,534.0534,532.3901273944987,536.548308908252,536.4946540773612,TARGET,3,1.467741408886734
NVDA,2026-07-06 11:05:00+00:00,2026-07-06 11:10:00+00:00,2026-07-06 11:20:00+00:00,0.83,195.34453249999999,195.1425708854114,195.64747492188286,195.62791017439068,TARGET,3,1.403126405817075
QQQ,2026-07-06 11:10:00+00:00,2026-07-06 11:15:00+00:00,2026-07-06 11:30:00+00:00,0.8666666666666667,720.57205,720.0663127128158,721.3306559307763,721.2585228651832,TARGET,4,1.3573704818272905
META,2026-07-06 11:20:00+00:00,2026-07-06 11:25:00+00:00,2026-07-06 11:30:00+00:00,0.73,590.709065,589.7991855215463,592.0738842176806,592.0146768292589,TARGET,2,1.43492831762472
AMD,2026-07-06 11:35:00+00:00,2026-07-06 11:40:00+00:00,2026-07-06 11:40:00+00:00,0.7433333333333333,535.873582,534.1180037877853,538.5069493183223,534.0645919874065,STOP,1,-1.0304240506102869
SPY,2026-07-06 11:50:00+00:00,2026-07-06 11:55:00+00:00,2026-07-06 11:55:00+00:00,0.8,748.024795,747.791237476952,748.3751312845721,747.7164583532043,STOP,1,-1.3201743312388345
AAPL,2026-07-06 11:25:00+00:00,2026-07-06 11:30:00+00:00,2026-07-06 11:55:00+00:00,0.8033333333333333,306.650662,306.37278113385486,307.06748329921777,307.03677655088785,TARGET,6,1.3894967157837672
QQQ,2026-07-06 11:35:00+00:00,2026-07-06 11:40:00+00:00,2026-07-06 12:05:00+00:00,0.9033333333333333,721.1321059999999,720.6405196405766,721.8694855391349,721.797298590581,TARGET,6,1.3531551025164057
AMD,2026-07-06 11:55:00+00:00,2026-07-06 12:00:00+00:00,2026-07-06 12:05:00+00:00,0.7133333333333334,536.45364,534.7848004404657,538.9568993393013,538.9030036493674,TARGET,2,1.4677046905881237
AAPL,2026-07-06 12:10:00+00:00,2026-07-06 12:15:00+00:00,2026-07-06 12:15:00+00:00,0.8433333333333334,307.1767146,306.8471353260506,307.6710835109241,306.816450612518,STOP,1,-1.0931026795614023
AAPL,2026-07-06 12:20:00+00:00,2026-07-06 12:25:00+00:00,2026-07-06 12:25:00+00:00,0.8033333333333333,306.920689,306.58023544235994,307.4313693364601,307.4006261995264,TARGET,1,1.4096994692998888
SPY,2026-07-06 12:20:00+00:00,2026-07-06 12:25:00+00:00,2026-07-06 12:35:00+00:00,0.8133333333333334,747.924785,747.6219309736342,748.3790660395487,748.3042281329447,TARGET,3,1.2528911617846388
QQQ,2026-07-06 12:20:00+00:00,2026-07-06 12:25:00+00:00,2026-07-06 12:35:00+00:00,0.82,721.142107,720.5672223468423,722.0044339797366,721.9322335363387,TARGET,3,1.3744088174883273
NVDA,2026-07-06 12:40:00+00:00,2026-07-06 12:45:00+00:00,2026-07-06 12:55:00+00:00,0.7566666666666667,194.959494,194.66826154571558,195.39634268142663,195.3768030471585,TARGET,3,1.4329070851112176
AMZN,2026-07-06 12:45:00+00:00,2026-07-06 12:50:00+00:00,2026-07-06 13:00:00+00:00,0.8266666666666667,244.04440200000002,243.70770601981042,244.54944597028444,244.5249910256874,TARGET,3,1.4273678747716152
AMD,2026-07-06 12:20:00+00:00,2026-07-06 12:25:00+00:00,2026-07-06 13:15:00+00:00,0.7666666666666667,537.563751,535.7884554442454,540.2266943336319,535.734876598701,STOP,11,-1.030180239775128
SPY,2026-07-06 13:15:00+00:00,2026-07-06 13:20:00+00:00,2026-07-06 13:20:00+00:00,0.88,747.714764,747.4162559707077,748.1625260439384,747.3415143451106,STOP,1,-1.2503839704891129
META,2026-07-06 12:25:00+00:00,2026-07-06 12:30:00+00:00,2026-07-06 13:25:00+00:00,0.8233333333333334,591.4591399999999,589.901355365525,593.7958169517124,593.7364373700173,TARGET,12,1.4618820340238334
MSFT,2026-07-06 13:05:00+00:00,2026-07-06 13:10:00+00:00,2026-07-06 13:25:00+00:00,0.7866666666666666,386.53865,386.0449905461509,387.27913918077365,387.2404112668556,TARGET,4,1.4215493320018147
AAPL,2026-07-06 13:15:00+00:00,2026-07-06 13:20:00+00:00,2026-07-06 13:25:00+00:00,0.8366666666666667,306.960693,306.60383828506235,307.4959750724064,306.57317790123386,STOP,2,-1.0859183935228316
AMZN,2026-07-06 13:25:00+00:00,2026-07-06 13:30:00+00:00,2026-07-06 13:30:00+00:00,0.77,243.974395,243.57503611828332,244.573433322575,243.55067861467148,STOP,1,-1.0609915159696377
QQQ,2026-07-06 13:15:00+00:00,2026-07-06 13:20:00+00:00,2026-07-06 13:30:00+00:00,0.7966666666666666,720.122005,719.5270709888754,721.0144060166868,719.4551182817765,STOP,3,-1.1209423326846335
SPY,2026-07-06 13:25:00+00:00,2026-07-06 13:30:00+00:00,2026-07-06 13:30:00+00:00,0.74,748.7648690000001,748.4142676890286,749.2907709664572,748.3394262622597,STOP,1,-1.2134659067917513
AMD,2026-07-06 13:25:00+00:00,2026-07-06 13:30:00+00:00,2026-07-06 13:30:00+00:00,0.8633333333333333,535.403535,533.7919958818228,537.820843677266,533.7386166822346,STOP,1,-1.0331231175130249
NVDA,2026-07-06 13:30:00+00:00,2026-07-06 13:35:00+00:00,2026-07-06 13:35:00+00:00,0.7833333333333333,194.879486,194.5217110186242,195.41614847206378,194.50225884752234,STOP,1,-1.054369847290728
TSLA,2026-07-06 13:30:00+00:00,2026-07-06 13:35:00+00:00,2026-07-06 13:35:00+00:00,0.72,394.35343140000003,393.2545373827871,396.00177242581947,393.2152119290488,STOP,1,-1.0357863935213918
MSFT,2026-07-06 13:35:00+00:00,2026-07-06 13:40:00+00:00,2026-07-06 13:40:00+00:00,0.8866666666666667,382.18821499999996,381.0893608727637,383.83649619085435,383.79811254123524,TARGET,1,1.4650693857649026
AMD,2026-07-06 13:35:00+00:00,2026-07-06 13:40:00+00:00,2026-07-06 13:40:00+00:00,0.8333333333333334,547.3697315000001,544.1755676685104,552.1609772472344,544.1211501117436,STOP,1,-1.0170365578090637
AMZN,2026-07-06 13:40:00+00:00,2026-07-06 13:45:00+00:00,2026-07-06 13:45:00+00:00,0.7733333333333333,241.3391315,240.62126274521447,242.41593463217833,242.39169303871512,TARGET,1,1.4662311623098234
NVDA,2026-07-06 13:45:00+00:00,2026-07-06 13:50:00+00:00,2026-07-06 13:50:00+00:00,0.83,195.129511,194.6627939321856,195.82958660172162,195.81000364306144,TARGET,1,1.458041048826649
QQQ,2026-07-06 13:40:00+00:00,2026-07-06 13:45:00+00:00,2026-07-06 13:50:00+00:00,0.74,721.822175,720.7435168631514,723.4401622052729,723.3678181890524,TARGET,2,1.4329314694348858
SPY,2026-07-06 13:40:00+00:00,2026-07-06 13:45:00+00:00,2026-07-06 13:50:00+00:00,0.69,748.694862,748.1437883556107,749.5214724665839,749.4465203193372,TARGET,2,1.3639888733389003
AMD,2026-07-06 13:45:00+00:00,2026-07-06 13:50:00+00:00,2026-07-06 13:55:00+00:00,0.8166666666666667,556.465641,552.6082507575421,562.2517263636868,562.1955011910504,TARGET,2,1.4854240382480524
SPY,2026-07-06 13:55:00+00:00,2026-07-06 14:00:00+00:00,2026-07-06 14:00:00+00:00,0.8066666666666666,748.6148539999999,747.992015517229,749.5491117241562,747.9172163156773,STOP,1,-1.1200940590873076
META,2026-07-06 13:55:00+00:00,2026-07-06 14:00:00+00:00,2026-07-06 14:05:00+00:00,0.7866666666666666,582.65826,580.0012903500979,586.6437144748533,586.5850501034058,TARGET,2,1.4779205714865236
AMZN,2026-07-06 13:50:00+00:00,2026-07-06 13:55:00+00:00,2026-07-06 14:05:00+00:00,0.83,241.6191595,240.87039562470022,242.74230531294967,242.71803108241838,TARGET,3,1.4675809272695512
AMD,2026-07-06 14:00:00+00:00,2026-07-06 14:05:00+00:00,2026-07-06 14:05:00+00:00,0.7633333333333333,562.27632201,558.3202433428426,568.2104400107361,568.153618966735,TARGET,1,1.4856370287899765
NVDA,2026-07-06 13:55:00+00:00,2026-07-06 14:00:00+00:00,2026-07-06 14:05:00+00:00,0.7833333333333333,196.299628,195.7698056303029,197.09436155454569,197.07465211839022,TARGET,2,1.4627999169481396
QQQ,2026-07-06 13:55:00+00:00,2026-07-06 14:00:00+00:00,2026-07-06 14:10:00+00:00,0.7033333333333334,722.342227,721.1198745485946,724.1757556771081,724.1033381015404,TARGET,3,1.440755568915981
AAPL,2026-07-06 13:50:00+00:00,2026-07-06 13:55:00+00:00,2026-07-06 14:15:00+00:00,0.8266666666666667,309.2159185,308.44584607951776,310.37102713072335,310.3399900280103,TARGET,5,1.459695865106288
SPY,2026-07-06 14:05:00+00:00,2026-07-06 14:10:00+00:00,2026-07-06 14:25:00+00:00,0.7533333333333333,748.8838809,748.2064334327129,749.9000521009307,749.8250620957206,TARGET,4,1.389305062264877
SPY,2026-07-06 14:30:00+00:00,2026-07-06 14:35:00+00:00,2026-07-06 14:40:00+00:00,0.82,749.77497,749.1159946614665,750.7634330078004,749.0410830620003,STOP,2,-1.1136789119193695
AAPL,2026-07-06 14:20:00+00:00,2026-07-06 14:25:00+00:00,2026-07-06 14:50:00+00:00,0.8866666666666667,311.1061075,310.2659337268438,312.3663681597343,312.33513152291835,TARGET,6,1.4628212188787664
MSFT,2026-07-06 14:00:00+00:00,2026-07-06 14:05:00+00:00,2026-07-06 15:00:00+00:00,0.7633333333333333,383.5733535,382.18977638971126,385.6487191654331,385.61015429351653,TARGET,12,1.4721266912918725
META,2026-07-06 14:15:00+00:00,2026-07-06 14:20:00+00:00,2026-07-06 15:10:00+00:00,0.7433333333333333,586.188613,583.5399682433659,590.1615801349511,590.1025639769376,TARGET,11,1.4777183565800094
AMZN,2026-07-06 14:10:00+00:00,2026-07-06 14:15:00+00:00,2026-07-06 15:10:00+00:00,0.81,242.774275,241.88417709958253,244.10942185062618,244.08501090844112,TARGET,12,1.472574991836732
AMD,2026-07-06 15:10:00+00:00,2026-07-06 15:15:00+00:00,2026-07-06 15:25:00+00:00,0.83,563.35633,559.3174597116672,569.414635432499,569.3576939689558,TARGET,3,1.4859016359827684
QQQ,2026-07-06 15:10:00+00:00,2026-07-06 15:15:00+00:00,2026-07-06 15:25:00+00:00,0.71,723.492342,722.2771269486082,725.3151645770879,725.2426330606302,TARGET,3,1.440313842908264
SPY,2026-07-06 14:45:00+00:00,2026-07-06 14:50:00+00:00,2026-07-06 15:25:00+00:00,0.9033333333333333,749.824975,749.2016226608024,750.7600035087963,750.6849275084454,TARGET,8,1.3795608909599724
NVDA,2026-07-06 15:00:00+00:00,2026-07-06 15:05:00+00:00,2026-07-06 15:35:00+00:00,0.8033333333333333,195.829581,195.2865590789968,196.64411388150478,196.62444947011664,TARGET,7,1.463787076308411
AAPL,2026-07-06 14:55:00+00:00,2026-07-06 15:00:00+00:00,2026-07-06 15:35:00+00:00,0.9,312.581255,311.82781104823414,313.71142092764876,313.680049785556,TARGET,8,1.4583630049464416
AMZN,2026-07-06 15:15:00+00:00,2026-07-06 15:20:00+00:00,2026-07-06 16:00:00+00:00,0.8266666666666667,244.63446100000002,243.86649695892686,245.78640706160976,245.7618284209036,TARGET,9,1.467995063060775
NVDA,2026-07-06 15:40:00+00:00,2026-07-06 15:45:00+00:00,2026-07-06 16:10:00+00:00,0.9166666666666666,196.209619,195.73452812967597,196.9222553054861,196.90256307995554,TARGET,6,1.4585506126078818
META,2026-07-06 15:15:00+00:00,2026-07-06 15:20:00+00:00,2026-07-06 16:15:00+00:00,0.8433333333333334,590.6390580000001,588.6935712017839,593.5572881973243,593.4979324685046,TARGET,12,1.4694905517353412
AAPL,2026-07-06 16:35:00+00:00,2026-07-06 16:40:00+00:00,2026-07-06 16:45:00+00:00,0.74,312.10080696,311.5304629390819,312.9563229913772,312.92502735907806,TARGET,2,1.4451284993769988
MSFT,2026-07-06 16:10:00+00:00,2026-07-06 16:15:00+00:00,2026-07-06 17:00:00+00:00,0.8166666666666667,384.6034565,383.61964372883085,386.0791756567537,386.040567739188,TARGET,10,1.4607568444961292
SPY,2026-07-06 16:25:00+00:00,2026-07-06 16:30:00+00:00,2026-07-06 17:05:00+00:00,0.75,750.725065,750.3133836288349,751.3425870567476,751.2674527980419,TARGET,8,1.3174941496792232
META,2026-07-06 16:25:00+00:00,2026-07-06 16:30:00+00:00,2026-07-06 17:30:00+00:00,0.77,592.529247,590.7877062094433,595.1415581858353,593.410653,TIME,13,0.506107008678324
AMZN,2026-07-06 16:30:00+00:00,2026-07-06 16:35:00+00:00,2026-07-06 17:35:00+00:00,0.7833333333333333,244.78447599999998,244.20425900977472,245.6548014853379,245.63023600518937,TARGET,13,1.4576615635833539
QQQ,2026-07-06 17:40:00+00:00,2026-07-06 17:45:00+00:00,2026-07-06 18:05:00+00:00,0.7866666666666666,721.652158,720.8055610846782,722.9220533729826,722.8497611676454,TARGET,5,1.4146084706559254
SPY,2026-07-06 17:40:00+00:00,2026-07-06 17:45:00+00:00,2026-07-06 18:05:00+00:00,0.8,750.1600085,749.72457533721,750.813158244185,750.7380769283607,TARGET,5,1.3275709747432993
MSFT,2026-07-06 17:50:00+00:00,2026-07-06 17:55:00+00:00,2026-07-06 18:10:00+00:00,0.85,384.52344850000003,383.86220296886876,385.5153167966969,385.4767652650172,TARGET,4,1.4416986128983362
META,2026-07-06 17:35:00+00:00,2026-07-06 17:40:00+00:00,2026-07-06 18:10:00+00:00,0.7366666666666667,593.5633504,592.3690827828748,595.3547518256878,595.2952163505053,TARGET,7,1.4501489663381697
NVDA,2026-07-06 17:25:00+00:00,2026-07-06 17:30:00+00:00,2026-07-06 18:15:00+00:00,0.8366666666666667,195.989597,195.60307465164817,196.56938052252775,196.5497235844755,TARGET,10,1.4491441099432318
META,2026-07-06 18:15:00+00:00,2026-07-06 18:20:00+00:00,2026-07-06 18:20:00+00:00,0.7266666666666667,597.15971,595.8488263713444,599.1260354429834,599.0661228394391,TARGET,1,1.4542960166451175
AMZN,2026-07-06 18:05:00+00:00,2026-07-06 18:10:00+00:00,2026-07-06 18:30:00+00:00,0.8466666666666667,244.684466,244.27475016836613,245.2990397474508,245.27450984347604,TARGET,5,1.4401294700355662
AAPL,2026-07-06 17:25:00+00:00,2026-07-06 17:30:00+00:00,2026-07-06 18:30:00+00:00,0.77,312.41883876,311.92657519229283,313.1572341115608,313.12591838814967,TARGET,13,1.436384235061285
MSFT,2026-07-06 18:15:00+00:00,2026-07-06 18:20:00+00:00,2026-07-06 18:30:00+00:00,0.8466666666666667,385.7735735,385.1151374930715,386.76122751039276,386.7225513876417,TARGET,3,1.44126062009961
META,2026-07-06 18:25:00+00:00,2026-07-06 18:30:00+00:00,2026-07-06 18:40:00+00:00,0.7166666666666667,600.06,598.4915921773327,602.4126117340008,602.3523704728275,TARGET,3,1.4615908182153081
SPY,2026-07-06 18:10:00+00:00,2026-07-06 18:15:00+00:00,2026-07-06 18:50:00+00:00,0.8433333333333334,751.115104,750.6823913172193,751.7641730241709,751.6889966068685,TARGET,8,1.326267127602103
QQQ,2026-07-06 18:10:00+00:00,2026-07-06 18:15:00+00:00,2026-07-06 18:55:00+00:00,0.77,722.722265,721.8839287436559,723.979769384516,723.9073714075776,TARGET,9,1.4136408852764453
AMD,2026-07-06 17:50:00+00:00,2026-07-06 17:55:00+00:00,2026-07-06 18:55:00+00:00,0.8166666666666667,553.815376,551.2417323007353,557.6758415488971,553.764618,TIME,13,-0.019722232729602305
NVDA,2026-07-06 18:25:00+00:00,2026-07-06 18:30:00+00:00,2026-07-06 19:00:00+00:00,0.8933333333333333,196.289627,195.95921080241408,196.7852512963789,196.76557277124925,TARGET,7,1.440443218966275
AMD,2026-07-06 19:00:00+00:00,2026-07-06 19:05:00+00:00,2026-07-06 19:20:00+00:00,0.91,553.075302,550.7281600503652,556.596014924452,556.5403553229595,TARGET,4,1.476286222696813
QQQ,2026-07-06 19:00:00+00:00,2026-07-06 19:05:00+00:00,2026-07-06 19:20:00+00:00,0.8133333333333334,723.7273655,722.9854484948843,724.8402410076736,724.7677569835729,TARGET,4,1.402301708141298
AAPL,2026-07-06 18:35:00+00:00,2026-07-06 18:40:00+00:00,2026-07-06 19:30:00+00:00,0.7166666666666667,313.0062975,312.60352407405156,313.6104576389227,313.5790965931588,TARGET,11,1.4221372520045175
META,2026-07-06 18:45:00+00:00,2026-07-06 18:50:00+00:00,2026-07-06 19:30:00+00:00,0.8266666666666667,599.6199559999999,598.0061230599957,602.0407054100061,601.9805013394651,TARGET,9,1.4626949797289295
MSFT,2026-07-06 18:50:00+00:00,2026-07-06 18:55:00+00:00,2026-07-06 19:45:00+00:00,0.7566666666666667,386.128609,385.54304707451683,387.0069518882247,386.9682511930359,TARGET,11,1.4339084501491615
NVDA,2026-07-06 19:05:00+00:00,2026-07-06 19:10:00+00:00,2026-07-06 19:50:00+00:00,0.8166666666666667,196.689667,196.3829666741691,197.1497174887463,196.3633283775017,STOP,9,-1.0640308960031484
SPY,2026-07-06 19:05:00+00:00,2026-07-06 19:10:00+00:00,2026-07-06 19:50:00+00:00,0.7666666666666667,751.8451769999999,751.4559810598569,752.4289709102145,751.3808354617508,STOP,9,-1.1930790903892734
QQQ,2026-07-06 19:55:00+00:00,2026-07-06 20:00:00+00:00,2026-07-06 20:00:00+00:00,0.7333333333333333,722.722265,721.9417171024626,723.8930868463061,723.8206975376215,TARGET,1,1.4072583387733464
META,2026-07-06 19:50:00+00:00,2026-07-06 19:55:00+00:00,2026-07-06 20:05:00+00:00,0.8066666666666666,599.7269667,598.2609996665232,601.9259172502154,601.8657246584904,TARGET,3,1.4589400100067769
AMD,2026-07-06 20:45:00+00:00,2026-07-06 20:50:00+00:00,2026-07-06 21:50:00+00:00,0.72,552.65526,551.0507814859519,555.0619777710721,554.194575,TIME,13,0.9593864838465876
AMZN,2026-07-06 21:35:00+00:00,2026-07-06 21:40:00+00:00,2026-07-06 22:15:00+00:00,0.7533333333333333,244.42444,244.19448596745895,244.76937104881162,244.74489411170674,TARGET,8,1.393557260838728
SPY,2026-07-06 21:20:00+00:00,2026-07-06 21:25:00+00:00,2026-07-06 22:25:00+00:00,0.7666666666666667,751.8551779999999,751.6183748566509,752.2103827150235,751.784814,TIME,13,-0.29714132593344217
META,2026-07-06 21:35:00+00:00,2026-07-06 21:40:00+00:00,2026-07-06 22:40:00+00:00,0.7133333333333334,599.899984,599.2286950989998,600.9069173515004,600.8468266597653,TARGET,12,1.410484604101768
AMD,2026-07-06 22:05:00+00:00,2026-07-06 22:10:00+00:00,2026-07-06 22:45:00+00:00,0.8,553.675362,552.7985338211297,554.9906042683053,552.7432539677476,STOP,8,-1.063045251868306
QQQ,2026-07-06 22:05:00+00:00,2026-07-06 22:10:00+00:00,2026-07-06 22:45:00+00:00,0.74,722.752268,722.4391051920786,723.222012211882,722.3668612815594,STOP,8,-1.2306912209618148
META,2026-07-06 22:50:00+00:00,2026-07-06 22:55:00+00:00,2026-07-06 22:55:00+00:00,0.7,600.6050544999999,600.1561142122256,601.2784649316616,600.0960986008043,STOP,1,-1.1336828372405179
AAPL,2026-07-06 22:50:00+00:00,2026-07-06 22:55:00+00:00,2026-07-06 23:00:00+00:00,0.7866666666666666,312.50124700000003,312.35630442134914,312.7186608679764,312.6873890018896,TARGET,2,1.284246517635669
AMD,2026-07-06 22:55:00+00:00,2026-07-06 23:00:00+00:00,2026-07-06 23:00:00+00:00,0.7533333333333333,551.5051450000001,550.6632180272708,552.768035459094,552.7127586555481,TARGET,1,1.4343448952980358
AAPL,2026-07-06 23:05:00+00:00,2026-07-06 23:10:00+00:00,2026-07-06 23:10:00+00:00,0.9266666666666666,312.761273,312.61209310011077,312.98504284983386,312.58083189080077,STOP,1,-1.2095537624922086
QQQ,2026-07-06 22:55:00+00:00,2026-07-06 23:00:00+00:00,2026-07-06 23:15:00+00:00,0.7933333333333333,721.67216,721.301878745567,722.2275818816495,721.2297485576925,STOP,4,-1.1947983782895681
TSLA,2026-07-06 23:05:00+00:00,2026-07-06 23:10:00+00:00,2026-07-06 23:15:00+00:00,0.6633333333333333,417.81177699999995,417.38511106015335,418.4517759097699,417.34337254904733,STOP,2,-1.0978248020477677
SPY,2026-07-06 22:55:00+00:00,2026-07-06 23:00:00+00:00,2026-07-06 23:15:00+00:00,0.7,751.625155,751.4494490453517,751.8887139319723,751.3743041004471,STOP,4,-1.4276744351377546
TSLA,2026-07-06 23:20:00+00:00,2026-07-06 23:25:00+00:00,2026-07-06 23:30:00+00:00,0.6833333333333333,417.34173,416.9422237792117,417.9409893311824,416.90052955683376,STOP,2,-1.1043643883583913
META,2026-07-06 23:40:00+00:00,2026-07-06 23:45:00+00:00,2026-07-06 23:50:00+00:00,0.82,600.320026,599.8045917764636,601.0931773353045,599.744611317286,STOP,2,-1.116368794384818
GOOGL,2026-07-06 23:25:00+00:00,2026-07-06 23:30:00+00:00,2026-07-06 23:55:00+00:00,0.6733333333333333,366.466643,366.26186224116606,366.7738141382509,366.22523605494194,STOP,6,-1.1788556035863513
MSFT,2026-07-06 23:25:00+00:00,2026-07-06 23:30:00+00:00,2026-07-06 23:55:00+00:00,0.7966666666666666,385.54715086,385.03940627057295,386.3087677441405,386.2701368673661,TARGET,6,1.4239167140746074
AMZN,2026-07-06 23:30:00+00:00,2026-07-06 23:35:00+00:00,2026-07-06 23:55:00+00:00,0.72,244.52445,244.34064225885993,244.80016161171014,244.31620819463404,STOP,5,-1.1329327267411773
AAPL,2026-07-06 23:15:00+00:00,2026-07-06 23:20:00+00:00,2026-07-07 08:00:00+00:00,0.9166666666666666,312.64776164999995,312.50494683836075,312.8619838674587,312.830697669072,TARGET,9,1.2809316972961702
SPY,2026-07-07 08:00:00+00:00,2026-07-07 08:05:00+00:00,2026-07-07 08:05:00+00:00,0.9166666666666666,749.7649690000001,749.4285610000159,750.2695809999764,749.3536181439159,STOP,1,-1.222773703667739
META,2026-07-07 08:00:00+00:00,2026-07-07 08:05:00+00:00,2026-07-07 08:05:00+00:00,0.8,599.0599,598.2806628993538,600.2287556509692,598.2208348330639,STOP,1,-1.0767777435652333
NVDA,2026-07-07 08:00:00+00:00,2026-07-07 08:05:00+00:00,2026-07-07 08:05:00+00:00,0.8133333333333334,193.939392,193.69440521911275,194.30687217133084,193.67503577859085,STOP,1,-1.0790632068054884
QQQ,2026-07-07 08:00:00+00:00,2026-07-07 08:05:00+00:00,2026-07-07 08:05:00+00:00,0.8833333333333333,715.691562,714.8180466876529,717.0018349685206,714.7465648829841,STOP,1,-1.0818323430149441
AMZN,2026-07-07 08:00:00+00:00,2026-07-07 08:05:00+00:00,2026-07-07 08:05:00+00:00,0.8533333333333334,244.084406,243.83293235925976,244.46161646111034,243.80854906602383,STOP,1,-1.0969616265313256
MSFT,2026-07-07 08:00:00+00:00,2026-07-07 08:05:00+00:00,2026-07-07 08:05:00+00:00,0.85,388.448841,387.68309057014693,389.5974666447796,389.5585068981151,TARGET,1,1.4491221354299575
AMD,2026-07-07 08:00:00+00:00,2026-07-07 08:05:00+00:00,2026-07-07 08:05:00+00:00,0.8766666666666667,540.1140059999999,538.3157939190958,542.811324121356,538.2619623397038,STOP,1,-1.0299361682437855
AMZN,2026-07-07 08:10:00+00:00,2026-07-07 08:15:00+00:00,2026-07-07 08:25:00+00:00,0.8166666666666667,245.37453499999998,245.0411725240556,245.87457871391655,245.84999125604517,TARGET,3,1.4262440747066398
AAPL,2026-07-07 08:05:00+00:00,2026-07-07 08:10:00+00:00,2026-07-07 08:30:00+00:00,0.87,313.611358,313.03719620649673,314.4726006902549,314.4411534301859,TARGET,5,1.4452292708696337
AMZN,2026-07-07 08:40:00+00:00,2026-07-07 08:45:00+00:00,2026-07-07 08:50:00+00:00,0.8266666666666667,246.22462,245.8745318912041,246.74975216319385,246.72507718797752,TARGET,2,1.4295178139549833
MSFT,2026-07-07 08:15:00+00:00,2026-07-07 08:20:00+00:00,2026-07-07 09:10:00+00:00,0.7933333333333333,391.53915,390.5377180414041,393.0412979378939,393.0019938081001,TARGET,11,1.460752071614674
META,2026-07-07 08:15:00+00:00,2026-07-07 08:20:00+00:00,2026-07-07 09:20:00+00:00,0.73,602.900284,601.6379575021431,604.7937737467855,604.7332943694108,TARGET,11,1.4520889583817143
AMZN,2026-07-07 08:55:00+00:00,2026-07-07 09:00:00+00:00,2026-07-07 09:25:00+00:00,0.8966666666666666,246.774675,246.4032037991893,247.33188180121607,247.30714861303596,TARGET,6,1.4334182888845348
META,2026-07-07 09:25:00+00:00,2026-07-07 09:30:00+00:00,2026-07-07 09:30:00+00:00,0.8166666666666667,605.120506,604.243000896218,606.4367636556731,606.3761199793075,TARGET,1,1.4308907992624613
AAPL,2026-07-07 08:35:00+00:00,2026-07-07 08:40:00+00:00,2026-07-07 09:40:00+00:00,0.8133333333333334,314.18141499999996,313.70482450062025,314.89630074906955,314.8648111189946,TARGET,13,1.4339272811441155
AMZN,2026-07-07 09:30:00+00:00,2026-07-07 09:35:00+00:00,2026-07-07 09:40:00+00:00,0.7533333333333333,248.0248,247.6618597530931,248.56921037036034,248.5443534493233,TARGET,2,1.431512359819846
QQQ,2026-07-07 09:35:00+00:00,2026-07-07 09:40:00+00:00,2026-07-07 09:45:00+00:00,0.7466666666666667,715.661559,715.0656374520449,716.5554413219327,714.9941308882998,STOP,2,-1.119993250773616
META,2026-07-07 09:35:00+00:00,2026-07-07 09:40:00+00:00,2026-07-07 09:50:00+00:00,0.8033333333333333,606.150609,605.0963826605145,607.7319485092283,607.6711753143775,TARGET,3,1.442352801694768
NVDA,2026-07-07 08:55:00+00:00,2026-07-07 09:00:00+00:00,2026-07-07 09:55:00+00:00,0.6966666666666667,193.789377,193.5741391077679,194.11223383834815,194.09282261496432,TARGET,12,1.4098150275375525
AMD,2026-07-07 09:45:00+00:00,2026-07-07 09:50:00+00:00,2026-07-07 10:00:00+00:00,0.7966666666666666,529.04549926,527.4597518668983,531.4241203496526,531.3709779376177,TARGET,3,1.4664874668776424
AAPL,2026-07-07 09:50:00+00:00,2026-07-07 09:55:00+00:00,2026-07-07 10:00:00+00:00,0.7566666666666667,314.87888474,314.5371262657445,315.39152245138314,314.50567255311796,STOP,2,-1.0920349164569523
SPY,2026-07-07 09:00:00+00:00,2026-07-07 09:05:00+00:00,2026-07-07 10:00:00+00:00,0.7266666666666667,750.0649990000001,749.7585769004937,750.5246321492596,750.4495796860447,TARGET,12,1.2550683735415877
NVDA,2026-07-07 10:05:00+00:00,2026-07-07 10:10:00+00:00,2026-07-07 10:15:00+00:00,0.78,193.879386,193.69204340218081,194.16039989672882,194.14098385673915,TARGET,2,1.3963607838491237
AMZN,2026-07-07 10:00:00+00:00,2026-07-07 10:05:00+00:00,2026-07-07 10:25:00+00:00,0.7433333333333333,247.64396192,247.27358374612152,248.19952918081776,248.17470922789968,TARGET,5,1.432987539038389
MSFT,2026-07-07 09:20:00+00:00,2026-07-07 09:25:00+00:00,2026-07-07 10:25:00+00:00,0.69,392.489245,391.76764849191943,393.57163976212087,392.25277079999995,TIME,13,-0.3277097343902811
QQQ,2026-07-07 09:50:00+00:00,2026-07-07 09:55:00+00:00,2026-07-07 10:45:00+00:00,0.8466666666666667,715.7515679999999,715.1513749821947,716.6518575267077,715.0798598446966,STOP,11,-1.1191535645644521
SPY,2026-07-07 10:10:00+00:00,2026-07-07 10:15:00+00:00,2026-07-07 10:45:00+00:00,0.7166666666666667,750.185011,749.9560002794614,750.5285270808081,749.8810046794334,STOP,7,-1.327476372510124
MSFT,2026-07-07 10:50:00+00:00,2026-07-07 10:55:00+00:00,2026-07-07 10:55:00+00:00,0.7266666666666667,392.14921100000004,391.6312704226963,392.9261218659557,391.592107295654,STOP,1,-1.075613166371628
AMD,2026-07-07 10:10:00+00:00,2026-07-07 10:15:00+00:00,2026-07-07 11:00:00+00:00,0.7133333333333334,530.543049,528.9593883983405,532.9185399024892,528.9064924595007,STOP,10,-1.0334010575147106
META,2026-07-07 10:25:00+00:00,2026-07-07 10:30:00+00:00,2026-07-07 11:00:00+00:00,0.8233333333333334,604.670461,603.6153727089121,606.253093436632,606.1924681272883,TARGET,7,1.4425400605278724
SPY,2026-07-07 11:00:00+00:00,2026-07-07 11:05:00+00:00,2026-07-07 11:05:00+00:00,0.8533333333333334,749.784971,749.5324613344031,750.1637354983953,749.4575080882697,STOP,1,-1.2968331764894525
AMZN,2026-07-07 10:50:00+00:00,2026-07-07 10:55:00+00:00,2026-07-07 11:05:00+00:00,0.7533333333333333,246.52465,246.0954240667904,247.16848889981443,247.14377205092447,TARGET,3,1.4424152946558295
AAPL,2026-07-07 10:05:00+00:00,2026-07-07 10:10:00+00:00,2026-07-07 11:10:00+00:00,0.7433333333333333,314.66146299999997,314.1773145422962,315.38768568655564,314.76122073000005,TIME,13,0.2060478111883475
MSFT,2026-07-07 11:00:00+00:00,2026-07-07 11:05:00+00:00,2026-07-07 11:25:00+00:00,0.7666666666666667,392.949291,392.3416789716105,393.86070904258423,392.30244480371334,STOP,5,-1.0645710849424252
NVDA,2026-07-07 11:05:00+00:00,2026-07-07 11:10:00+00:00,2026-07-07 11:45:00+00:00,0.8066666666666666,190.8560837,190.38052861352259,191.56941632971612,191.55025938808316,TARGET,8,1.4597166717848429
SPY,2026-07-07 11:10:00+00:00,2026-07-07 11:15:00+00:00,2026-07-07 11:55:00+00:00,0.88,749.684961,749.4336644005823,750.0619058991266,749.9868997085367,TARGET,9,1.2015232567264262
AMD,2026-07-07 11:10:00+00:00,2026-07-07 11:15:00+00:00,2026-07-07 11:55:00+00:00,0.8633333333333333,527.022697,525.2370581059124,529.7011553411314,529.6481852255973,TARGET,9,1.4703354828854667
QQQ,2026-07-07 11:05:00+00:00,2026-07-07 11:10:00+00:00,2026-07-07 12:00:00+00:00,0.7366666666666667,714.73776663,714.1657541455681,715.5957853566478,715.524225778112,TARGET,11,1.3748985721756941
SPY,2026-07-07 12:00:00+00:00,2026-07-07 12:05:00+00:00,2026-07-07 12:05:00+00:00,0.77,750.1550080000001,749.8991760464957,750.5387559302567,750.4637020546637,TARGET,1,1.2066282199511225
NVDA,2026-07-07 11:50:00+00:00,2026-07-07 11:55:00+00:00,2026-07-07 12:05:00+00:00,0.8933333333333333,191.34913300000002,190.91477168063034,192.00067497905454,191.98147491155663,TARGET,3,1.4557970135881768
SPY,2026-07-07 12:15:00+00:00,2026-07-07 12:20:00+00:00,2026-07-07 12:40:00+00:00,0.77,750.34392689,750.0674790759151,750.7585986111275,750.6835227512663,TARGET,5,1.2284266467810085
MSFT,2026-07-07 12:00:00+00:00,2026-07-07 12:05:00+00:00,2026-07-07 12:45:00+00:00,0.8233333333333334,391.789175,391.1605653695134,392.7320894457299,392.69281623678535,TARGET,9,1.4375236919069105
MSFT,2026-07-07 12:50:00+00:00,2026-07-07 12:55:00+00:00,2026-07-07 13:00:00+00:00,0.8566666666666667,392.54925099999997,391.998721099494,393.3750458507589,393.3357083461738,TARGET,2,1.4285461070343937
AMZN,2026-07-07 12:00:00+00:00,2026-07-07 12:05:00+00:00,2026-07-07 13:00:00+00:00,0.8133333333333334,245.264524,244.6956160379445,246.11788594308325,246.09327415448894,TARGET,12,1.456738540790694
META,2026-07-07 12:00:00+00:00,2026-07-07 12:05:00+00:00,2026-07-07 13:05:00+00:00,0.7566666666666667,601.970191,600.22246560829,604.591779087565,602.9397,TIME,13,0.554726162701933
SPY,2026-07-07 13:00:00+00:00,2026-07-07 13:05:00+00:00,2026-07-07 13:15:00+00:00,0.8133333333333334,750.0538978899999,749.7712887176767,750.4778116484847,750.4027638673199,TARGET,3,1.2344467607053178
NVDA,2026-07-07 13:00:00+00:00,2026-07-07 13:05:00+00:00,2026-07-07 13:25:00+00:00,0.7966666666666666,192.15271335,191.78737505403922,192.70072079394114,192.68145072186175,TARGET,5,1.4472541688279768
META,2026-07-07 13:10:00+00:00,2026-07-07 13:15:00+00:00,2026-07-07 13:25:00+00:00,0.8266666666666667,603.000294,601.6549061268142,605.0183758097788,604.9578739721978,TARGET,3,1.455030189593074
AAPL,2026-07-07 12:25:00+00:00,2026-07-07 12:30:00+00:00,2026-07-07 13:25:00+00:00,0.7933333333333333,314.93149,314.4734824505813,315.6185013241281,314.4420351023362,STOP,12,-1.0686612006395808
SPY,2026-07-07 13:20:00+00:00,2026-07-07 13:25:00+00:00,2026-07-07 13:25:00+00:00,0.84,750.245017,749.936381781062,750.707969828407,750.6328990314242,TARGET,1,1.2567652932124644
AMZN,2026-07-07 13:10:00+00:00,2026-07-07 13:15:00+00:00,2026-07-07 13:25:00+00:00,0.7966666666666666,245.644562,245.01101087897428,246.5948886815386,244.98650977788637,STOP,3,-1.0386726505167239
QQQ,2026-07-07 13:20:00+00:00,2026-07-07 13:25:00+00:00,2026-07-07 13:30:00+00:00,0.71,714.601453,713.7740336221037,715.8425820668443,713.7026562187415,STOP,2,-1.0862650854802647
MSFT,2026-07-07 13:05:00+00:00,2026-07-07 13:10:00+00:00,2026-07-07 13:30:00+00:00,0.8766666666666667,392.43924,391.8385409142086,393.34028862868706,391.7993570601172,STOP,5,-1.0652304207184988
AMD,2026-07-07 13:25:00+00:00,2026-07-07 13:30:00+00:00,2026-07-07 13:30:00+00:00,0.82,515.95159,513.617570636363,519.4526190454555,513.5662088792993,STOP,1,-1.0220057116336962
META,2026-07-07 13:30:00+00:00,2026-07-07 13:35:00+00:00,2026-07-07 13:35:00+00:00,0.8766666666666667,609.210915,607.1957764888051,612.2336227667923,607.1350569111562,STOP,1,-1.030131714178251
SPY,2026-07-07 13:30:00+00:00,2026-07-07 13:35:00+00:00,2026-07-07 13:40:00+00:00,0.8366666666666667,749.534946,749.1068880816299,750.177032877555,750.1020151742673,TARGET,2,1.3247487079004234
AAPL,2026-07-07 13:35:00+00:00,2026-07-07 13:40:00+00:00,2026-07-07 13:40:00+00:00,0.78,311.28002489,310.47388136985836,312.48924017021244,312.45799124619543,TARGET,1,1.461236525213877
NVDA,2026-07-07 13:35:00+00:00,2026-07-07 13:40:00+00:00,2026-07-07 13:40:00+00:00,0.82,192.309229,191.8090837494053,193.05944687589204,193.04014093120446,TARGET,1,1.4613993241670937
AMD,2026-07-07 13:35:00+00:00,2026-07-07 13:40:00+00:00,2026-07-07 13:40:00+00:00,0.7766666666666666,513.54274914,510.3012804029864,518.4049522455203,518.3531117502959,TARGET,1,1.4840070969580816
MSFT,2026-07-07 13:40:00+00:00,2026-07-07 13:45:00+00:00,2026-07-07 13:45:00+00:00,0.83,390.329029,389.14835539204495,392.1000394119326,392.0608294079914,TARGET,1,1.4667901410881103
AMZN,2026-07-07 13:35:00+00:00,2026-07-07 13:40:00+00:00,2026-07-07 13:45:00+00:00,0.81,245.234521,244.2888614898647,246.65301026520294,246.62834496417642,TARGET,2,1.4739173552825566
NVDA,2026-07-07 13:45:00+00:00,2026-07-07 13:50:00+00:00,2026-07-07 13:55:00+00:00,0.8766666666666667,191.949193,191.37738357474234,192.80690713788653,192.78762644717273,TARGET,2,1.4662812645924876
META,2026-07-07 13:50:00+00:00,2026-07-07 13:55:00+00:00,2026-07-07 14:15:00+00:00,0.7666666666666667,611.541148,609.0976073237653,615.2064590143523,615.1449383684509,TARGET,5,1.4748231545725363
MSFT,2026-07-07 14:00:00+00:00,2026-07-07 14:05:00+00:00,2026-07-07 14:15:00+00:00,0.7233333333333334,392.469243,391.0442307937108,394.60676130943375,394.5673006333028,TARGET,3,1.4723085346519735
AMD,2026-07-07 14:20:00+00:00,2026-07-07 14:25:00+00:00,2026-07-07 14:30:00+00:00,0.75,506.78067300000004,502.7078631145814,512.8898878281279,512.8385988393451,TARGET,2,1.487406976945693
AAPL,2026-07-07 13:50:00+00:00,2026-07-07 13:55:00+00:00,2026-07-07 14:35:00+00:00,0.7933333333333333,311.551152,310.6647426290994,312.88076605635086,312.84947797974525,TARGET,9,1.4647024528025248
NVDA,2026-07-07 14:30:00+00:00,2026-07-07 14:35:00+00:00,2026-07-07 14:55:00+00:00,0.8966666666666666,191.769175,191.11624494006477,192.7485700899028,192.72929523289383,TARGET,5,1.4704794461279773
AMD,2026-07-07 14:40:00+00:00,2026-07-07 14:45:00+00:00,2026-07-07 14:55:00+00:00,0.8433333333333334,503.95038999999997,499.72225519842146,510.29259220236776,510.2415629431475,TARGET,3,1.4879310235801495
QQQ,2026-07-07 14:35:00+00:00,2026-07-07 14:40:00+00:00,2026-07-07 15:10:00+00:00,0.8066666666666666,706.110604,704.6406630310369,708.3155154534446,708.2446839018993,TARGET,7,1.451813336017643
AAPL,2026-07-07 14:40:00+00:00,2026-07-07 14:45:00+00:00,2026-07-07 15:20:00+00:00,0.82,312.61125799999996,311.68068972030744,314.0071104195387,313.97570970849677,TARGET,8,1.46625641371275
NVDA,2026-07-07 15:00:00+00:00,2026-07-07 15:05:00+00:00,2026-07-07 15:45:00+00:00,0.96,192.8342815,192.21537882909627,193.7626355063556,193.74325924280495,TARGET,9,1.4686925514114186
SPY,2026-07-07 14:40:00+00:00,2026-07-07 14:45:00+00:00,2026-07-07 15:45:00+00:00,0.6966666666666667,745.8695795,745.1383543359966,746.9664172460051,746.8917206042805,TARGET,13,1.3978472768694485
AMD,2026-07-07 15:00:00+00:00,2026-07-07 15:05:00+00:00,2026-07-07 15:45:00+00:00,0.9066666666666666,507.3357285,503.11466269492183,513.6673272076173,513.6159604748965,TARGET,9,1.4878308618977234
QQQ,2026-07-07 15:15:00+00:00,2026-07-07 15:20:00+00:00,2026-07-07 15:45:00+00:00,0.78,706.700663,705.3629789291339,708.7071891062991,708.6363183873884,TARGET,6,1.4470198379017973
NVDA,2026-07-07 15:50:00+00:00,2026-07-07 15:55:00+00:00,2026-07-07 16:00:00+00:00,0.8766666666666667,194.129411,193.5758891590323,194.95969376145158,194.94019779207542,TARGET,2,1.4647783196015294
AMD,2026-07-07 15:50:00+00:00,2026-07-07 15:55:00+00:00,2026-07-07 16:05:00+00:00,0.8666666666666667,514.6314580000001,510.8466319827877,520.3086970258187,520.2566661561161,TARGET,3,1.486252771074319
QQQ,2026-07-07 15:50:00+00:00,2026-07-07 15:55:00+00:00,2026-07-07 16:05:00+00:00,0.8366666666666667,708.790872,707.4910257400012,710.7406413899982,710.6695673258592,TARGET,3,1.4453211765681293
SPY,2026-07-07 15:50:00+00:00,2026-07-07 15:55:00+00:00,2026-07-07 16:10:00+00:00,0.88,747.084701,746.408566932915,748.0989021006275,748.0240922104174,TARGET,4,1.3893564252241397
NVDA,2026-07-07 16:05:00+00:00,2026-07-07 16:10:00+00:00,2026-07-07 16:15:00+00:00,0.8566666666666667,195.4045385,194.82771361493948,196.26977582759076,196.250148850008,TARGET,2,1.4659741143437055
NVDA,2026-07-07 16:20:00+00:00,2026-07-07 16:25:00+00:00,2026-07-07 16:25:00+00:00,0.8433333333333334,196.629661,196.02641950128356,197.5345232480747,197.51476979574988,TARGET,1,1.4672544870225126
AMZN,2026-07-07 15:20:00+00:00,2026-07-07 15:25:00+00:00,2026-07-07 16:25:00+00:00,0.7,243.474345,242.60797110264346,244.77390584603478,244.495548,TIME,13,1.178709334521604
QQQ,2026-07-07 16:10:00+00:00,2026-07-07 16:15:00+00:00,2026-07-07 16:30:00+00:00,0.8233333333333334,711.1961125,709.9044767484427,713.1335661273359,713.0622527707233,TARGET,4,1.4447883379452706
META,2026-07-07 15:35:00+00:00,2026-07-07 15:40:00+00:00,2026-07-07 16:35:00+00:00,0.7766666666666666,605.180512,602.9658052203331,608.5025721695004,608.4417219122834,TARGET,12,1.4725244633846262
MSFT,2026-07-07 15:35:00+00:00,2026-07-07 15:40:00+00:00,2026-07-07 16:35:00+00:00,0.66,392.74927099999996,391.38403249790235,394.79712875314635,394.757649040271,TARGET,12,1.471082186142052
SPY,2026-07-07 16:15:00+00:00,2026-07-07 16:20:00+00:00,2026-07-07 16:45:00+00:00,0.7333333333333333,748.1148039999999,747.4614860737449,749.0947808893825,749.0198714112936,TARGET,6,1.3853399316344444
AMZN,2026-07-07 16:30:00+00:00,2026-07-07 16:35:00+00:00,2026-07-07 16:45:00+00:00,0.7933333333333333,244.93449099999998,244.24825273129142,245.96384840306283,245.93925201822253,TARGET,3,1.4641576607399325
NVDA,2026-07-07 16:35:00+00:00,2026-07-07 16:40:00+00:00,2026-07-07 17:00:00+00:00,0.7233333333333334,197.0197,196.36249461637024,198.00550807544462,197.9857075246371,TARGET,5,1.4698715937197797
AAPL,2026-07-07 16:30:00+00:00,2026-07-07 16:35:00+00:00,2026-07-07 17:10:00+00:00,0.6633333333333333,313.01059793,312.3293825075233,314.0324210637151,312.29814956927254,STOP,8,-1.0458488419671972
META,2026-07-07 17:05:00+00:00,2026-07-07 17:10:00+00:00,2026-07-07 17:25:00+00:00,0.85,605.1255065,603.430384460252,607.6681895596222,607.6074227406663,TARGET,4,1.4641519504018126
AMZN,2026-07-07 17:05:00+00:00,2026-07-07 17:10:00+00:00,2026-07-07 17:55:00+00:00,0.7633333333333333,245.31442898999998,244.70485339226906,246.22879238659635,246.2041695073577,TARGET,10,1.4596065207821327
META,2026-07-07 17:30:00+00:00,2026-07-07 17:35:00+00:00,2026-07-07 18:00:00+00:00,0.8233333333333334,608.1108049999999,606.5709890053545,610.4205289919681,610.3594869390689,TARGET,6,1.4603575666758744
META,2026-07-07 18:05:00+00:00,2026-07-07 18:10:00+00:00,2026-07-07 18:15:00+00:00,0.8,618.1868125,616.3426649902162,620.9530337646756,620.8909384612991,TARGET,2,1.4663284509254175
AAPL,2026-07-07 17:50:00+00:00,2026-07-07 17:55:00+00:00,2026-07-07 18:40:00+00:00,0.7633333333333333,312.271224,311.7643704796791,313.0315042804814,313.0002011300533,TARGET,10,1.4382402426478547
SPY,2026-07-07 19:15:00+00:00,2026-07-07 19:20:00+00:00,2026-07-07 19:50:00+00:00,0.71,746.74046658,746.1583359334069,747.6136625498897,747.5389011836347,TARGET,7,1.3715728733877135
AMZN,2026-07-07 19:10:00+00:00,2026-07-07 19:15:00+00:00,2026-07-07 19:50:00+00:00,0.7866666666666666,245.4295405,244.97135937974738,246.11681218037893,246.0922004991609,TARGET,8,1.4462839472642095
META,2026-07-07 19:40:00+00:00,2026-07-07 19:45:00+00:00,2026-07-07 19:50:00+00:00,0.7433333333333333,614.5164455,612.3191888909059,617.8123304136412,617.7505491805999,TARGET,2,1.4718825590122055
QQQ,2026-07-07 19:15:00+00:00,2026-07-07 19:20:00+00:00,2026-07-07 19:55:00+00:00,0.8133333333333334,707.310724,706.2501573332895,708.9015740000659,708.830683842666,TARGET,8,1.4331582260455398
NVDA,2026-07-07 19:35:00+00:00,2026-07-07 19:40:00+00:00,2026-07-07 19:55:00+00:00,0.8033333333333333,195.899588,195.3947324016797,196.65687139748044,196.6372057103407,TARGET,4,1.4610469068677245
AMD,2026-07-07 19:15:00+00:00,2026-07-07 19:20:00+00:00,2026-07-07 19:55:00+00:00,0.84,509.85098,507.1076208874311,513.9660186688533,513.9146220669865,TARGET,8,1.4812650842423776
AAPL,2026-07-07 19:55:00+00:00,2026-07-07 20:00:00+00:00,2026-07-07 20:00:00+00:00,0.78,310.711068,310.1484586407307,311.5549820389039,311.52382654070004,TARGET,1,1.444623213797286
MSFT,2026-07-07 20:15:00+00:00,2026-07-07 20:20:00+00:00,2026-07-07 21:15:00+00:00,0.7833333333333333,388.64866098,388.0395183516311,389.5623749225533,389.5234186850611,TARGET,12,1.4360474285036373
AMD,2026-07-07 21:50:00+00:00,2026-07-07 21:55:00+00:00,2026-07-07 21:55:00+00:00,0.8533333333333334,516.131608,514.6926364082898,518.2900653875654,514.641167144649,STOP,1,-1.0357680887776424
QQQ,2026-07-07 21:20:00+00:00,2026-07-07 21:25:00+00:00,2026-07-07 22:00:00+00:00,0.8166666666666667,708.320825,707.7481210539094,709.1798809191359,707.677346241804,STOP,8,-1.1235801020552987
SPY,2026-07-07 21:25:00+00:00,2026-07-07 21:30:00+00:00,2026-07-07 22:00:00+00:00,0.8033333333333333,746.284621,745.8734391146686,746.9013938279971,746.8267036886143,TARGET,7,1.3183525538275527
AMZN,2026-07-07 21:45:00+00:00,2026-07-07 21:50:00+00:00,2026-07-07 22:05:00+00:00,0.95,245.044502,244.82135450862597,245.379223237061,245.3546853147373,TARGET,4,1.3900372028714045
AAPL,2026-07-07 21:15:00+00:00,2026-07-07 21:20:00+00:00,2026-07-07 22:10:00+00:00,0.7666666666666667,310.69106600000003,310.268968423034,311.3242123654491,311.2930799442126,TARGET,11,1.4262435443001262
