timestamp,open,high,low,close,volume,EMA9,EMA21,EMA50,EMA200,EMA9_EMA21,EMA21_EMA50,DistEMA200,RSI,MACD,MACDSignal,MACDHist,ROC,ATR,ATRPercent,BBUpper,BBLower,BBWidth,VolumeSMA20,RelativeVolume,VWAP,VWAPDistance,Body,UpperWick,LowerWick,BodyPercent,Hour,Minute,Return,Target,Symbol,Probability,TradeR
2026-06-10 23:50:00+00:00,354.85,354.99,354.4001,354.4001,5503.0,354.63579192388454,354.8293476537432,355.49645794944973,358.6298899280607,-0.1935557298586445,-0.66711029570655,-0.0117943039519354,41.74765406920748,-0.269872440895142,-0.3320437942890688,0.0621713533939267,-0.0056148072907868,0.4788936080340889,0.0013512795510895,355.51525291699534,353.97754708300465,0.0043388978558151,6452.4,0.8528609509639824,354.64456344728694,-0.0006893195962477,0.4499000000000137,0.1399999999999863,0.0,0.001269469167757,23,50,-0.0016898591549295,1.0,GOOGL,0.7,1.48
2026-06-12 23:00:00+00:00,360.61,360.7,360.48,360.48,1911.0,360.4743233743168,360.4013723660963,360.4969233257267,360.3565607674676,0.0729510082205138,-0.0955509596303727,0.0003425474820536,52.00506546426963,0.0594620145112685,0.0385249657794871,0.0209370487317813,0.0166472448809728,0.2528153543907446,0.0007013297669516,360.71734148511615,360.0577985148838,0.0018296243071247,1613.85,1.1841249186727392,360.48157229121614,-4.361641029602263e-06,0.1299999999999954,0.0899999999999749,0.0,0.00036063027075,23,0,-0.0004159387738124,1.0,GOOGL,0.75,1.48
2026-06-15 23:00:00+00:00,369.35,369.373,369.2,369.373,1527.0,369.21122171619226,369.3231412151744,369.58413266236505,367.7899904358376,-0.1119194989821039,-0.2609914471906904,0.0043041126874781,49.70373238741061,-0.1335860405871471,-0.1353021125755929,0.0017160719884457,-0.0073091499729255,0.2766082430567754,0.0007488588582727,369.9576795402036,368.8217104597963,0.0030753982570662,2576.5,0.5926644673006016,369.4865127634412,-0.0003072176101698,0.0229999999999677,0.0,0.1500000000000341,6.226768063710048e-05,23,0,0.0004685807150595,0.0,GOOGL,0.7366666666666667,-1.02
2026-06-15 23:05:00+00:00,369.15,369.25,369.15,369.25,837.0,369.2189773729538,369.31649201379486,369.5710294207037,367.8045178941875,-0.097514640841041,-0.2545374069088666,0.0039300281412757,46.315714219717776,-0.1228185400851202,-0.1328053980774984,0.0099868579923781,-0.0406063887384887,0.2727790828384352,0.0007387382067391,369.9493527131903,368.8090372868097,0.0030881934363724,2431.65,0.344210721115292,369.47379426526976,-0.0006057107939543,0.1000000000000227,0.0,0.0,0.0002708192281652,23,5,-0.0003329967268858,1.0,GOOGL,0.8266666666666667,1.48
2026-06-15 23:10:00+00:00,369.25,369.25,369.13,369.13,724.0,369.2011818983631,369.29953819435895,369.5537341493037,367.81770677086223,-0.0983562959958703,-0.2541959549446915,0.0035677815531465,43.220389456668734,-0.1225554722834658,-0.1307554129186919,0.008199940635226,-0.0189599133261086,0.2618662912071187,0.0007094148164796,369.9325647223134,368.78382527768656,0.0031120186509544,2369.05,0.3056077330575547,369.2760918130172,-0.0003956167654937,0.1200000000000045,0.0,0.0,0.0003250887221304,23,10,-0.0003249830737982,1.0,GOOGL,0.8633333333333333,1.48
2026-06-15 23:15:00+00:00,369.2,369.2,369.01,369.05,1001.0,369.1709455186905,369.27685290396266,369.5339798689389,367.8299683950328,-0.1059073852721894,-0.2571269649761802,0.0033168357931536,41.24156870077379,-0.1273344878543412,-0.1300712279058217,0.0027367400514805,-0.0433357709704418,0.2567329846923243,0.0006956590833012,369.9212295232438,368.75016047675615,0.0031731988795222,2385.3,0.4196537123213013,369.228385261967,-0.0004831298705282,0.1499999999999772,0.0,0.0400000000000204,0.0004064489906516,23,15,-0.0002167258147535,1.0,GOOGL,0.8366666666666667,1.48
2026-06-15 23:20:00+00:00,369.1,369.26,369.022,369.0425,807.0,369.1452564149524,369.25554809451154,369.5147061485884,367.842033386127,-0.1102916795591113,-0.2591580540768063,0.0032635384347521,41.05180810683247,-0.1302259161466281,-0.130102165553983,-0.0001237505926451,-0.0343473847906645,0.2553949143571583,0.0006920474318192,369.8666309132008,368.7340090867992,0.0030690823588113,2322.1,0.3475302527884243,369.1715203479704,-0.0003494861896411,0.0575000000000045,0.1599999999999681,0.0205000000000268,0.0001558086128291,23,20,-2.032244953253937e-05,1.0,GOOGL,0.84,1.48
2026-06-15 23:25:00+00:00,369.2486,369.2486,369.2,369.2199,2255.0,369.160185131962,369.2523073586468,369.5031451231536,367.8557435016879,-0.0921222266848644,-0.2508377645067412,0.0037084007043804,47.23603371135249,-0.1168556572172292,-0.1274528638866323,0.010597206669403,0.0564480899787454,0.2518738490459321,0.0006821784227933,369.8127362384967,368.73989376150325,0.0029057005784179,2319.6,0.9721503707535782,369.144550261357,0.0002041198727967,0.0287000000000148,0.0,0.0199000000000069,7.773145488641004e-05,23,25,0.0004807034420153,1.0,GOOGL,0.79,1.48
2026-06-15 23:30:00+00:00,369.2239,369.25,369.14,369.14,634.0,369.1561481055696,369.2420975987698,369.4889041379319,367.86852217331295,-0.0859494932001894,-0.2468065391620371,0.0034563376588334,44.94879878948298,-0.1114224838996733,-0.1242467878892405,0.0128243039895671,0.0786227463738548,0.2417400026855093,0.0006548734970079,369.7252474694502,368.7613825305498,0.0026111094405928,2271.75,0.2790800044018928,369.1323252404106,2.0791350593334683e-05,0.0839000000000282,0.0260999999999853,0.0,0.0002272850409059,23,30,-0.0002164022036732,1.0,GOOGL,0.8433333333333334,1.48
2026-06-15 23:40:00+00:00,369.165,369.26,369.05,369.05,2930.0,369.1349184844557,369.2246341806998,369.4716922109542,367.8802781715885,-0.0897156962440703,-0.2470580302543794,0.0031796263562297,42.455080277199365,-0.1130754394611699,-0.1220125182036264,0.0089370787424564,0.0393055122592642,0.2394728596365429,0.0006488900139182,369.620698604292,368.7909313957079,0.0022483869626992,2364.75,1.2390316101067766,369.11403300099175,-0.0001734775577919,0.1150000000000091,0.0949999999999704,0.0,0.0003116108928329,23,40,-0.0002438099366093,1.0,GOOGL,0.8533333333333334,1.48
2026-06-15 23:45:00+00:00,369.0883,369.27,369.0883,369.25,1384.0,369.1579347875646,369.22694016427255,369.4629983987599,367.893907244508,-0.0690053767079348,-0.2360582344873592,0.0036860973470558,49.19984145380504,-0.0971274651636235,-0.1170355075956258,0.0199080424320022,0.0135427952329391,0.2380819410910735,0.0006447716752635,369.5614132089288,368.8147167910712,0.0020221974755791,1606.45,0.8615269694045877,369.11711438374914,0.0003600093603698,0.1616999999999961,0.0199999999999818,0.0,0.0004379146919431,23,45,0.0005419319875354,1.0,GOOGL,0.7,1.48
2026-06-15 23:50:00+00:00,369.16,369.44,369.12,369.21,1271.0,369.1683478300517,369.22540014933867,369.4530768929262,367.9070026948114,-0.0570523192869814,-0.2276767435875513,0.0035416485569573,47.98837794359111,-0.0867166309970457,-0.1109717322759098,0.0242551012788641,0.0027085590465847,0.2439332310131392,0.0006606896644542,369.4502964138641,368.8758335861359,0.0015559243458416,1554.2,0.8177840689743919,369.1293605590864,0.0002184584850998,0.0499999999999545,0.2300000000000182,0.0400000000000204,0.0001354242842825,23,50,-0.0001083276912661,1.0,GOOGL,0.8166666666666667,1.48
2026-06-15 23:55:00+00:00,369.4182,369.4182,369.13,369.21,2109.0,369.17667826404136,369.2240001357624,369.4435444657527,367.9199678421267,-0.047321871721067,-0.2195443299902422,0.003506284710339,47.98837794359111,-0.077571770826637,-0.1042917399860552,0.0267199691594182,-0.0441288345385317,0.2470951430836305,0.0006692536580364,369.42068636775326,368.8864436322468,0.0014469888017835,1512.95,1.393965431772365,369.1503363849421,0.000161624165488,0.2082000000000334,0.0,0.079999999999984,0.000563906719753,23,55,0.0,1.0,GOOGL,0.8133333333333334,1.48
2026-06-16 23:00:00+00:00,371.78,371.8,371.36,371.5022,1511.0,371.6627159170789,371.7040906997819,371.8361915626601,370.8296263536506,-0.0413747827029737,-0.1321008628782465,0.0018136998733428,45.12499151019291,-0.073590178916163,-0.1051227875943102,0.0315326086781472,-0.0101738709156495,0.4646010139802136,0.0012506009761993,371.9266027771872,371.29686722281286,0.0016951058550239,2215.85,0.6819053636302097,371.6684179187001,-0.0004472209923859,0.2777999999999565,0.0200000000000386,0.1422000000000025,0.0007477748449402,23,0,-0.0008009682625067,1.0,GOOGL,0.77,1.48
2026-06-16 23:05:00+00:00,371.79,371.95,371.5,371.54,2426.0,371.6381727336631,371.6891733634381,371.8245762072617,370.83669474814167,-0.0510006297749328,-0.1354028438236696,0.0018965362970242,45.94737344142669,-0.0780408949823368,-0.0997064090719155,0.0216655140895787,-0.0295977398089484,0.4635580844101975,0.00124766669648,371.9204112455196,371.31705875448046,0.0016239233757848,2282.25,1.0629860882900646,371.6705595543861,-0.0003512776329193,0.25,0.1599999999999681,0.0400000000000204,0.0006728750605587,23,5,0.0001017490609747,1.0,GOOGL,0.71,1.48
2026-06-16 23:10:00+00:00,371.58,371.58,371.3,371.3,1154.0,371.5705381869305,371.6537939667618,371.80400459129066,370.8413047506477,-0.0832557798313473,-0.1502106245288246,0.0012369044210452,41.67669960609546,-0.0997838674560398,-0.0997219007487404,-6.196670729939624e-05,-0.1640181764405403,0.45044679266661,0.0012131613053234,371.9375318325741,371.27993816742594,0.0017710575414709,2146.6,0.5375943352278021,371.6780303319677,-0.0010170908719841,0.2799999999999727,0.0,0.0,0.0007541071909506,23,10,-0.0006459600581364,1.0,GOOGL,0.7233333333333334,1.48
2026-06-16 23:20:00+00:00,371.51,371.51,371.5,371.5,469.0,371.5467444396356,371.62792889815023,371.7810053916528,370.85444641049486,-0.0811844585146559,-0.1530764935025672,0.001740719561956,46.18283106442092,-0.0979307707237353,-0.0992369202250826,0.0013061495013472,-0.0269106566200276,0.4156403467380442,0.0011188165457282,371.93734789234736,371.2814121076526,0.001765641412368,2050.1,0.2287693283254475,371.6890811718394,-0.0005087078997405,0.0099999999999909,0.0,0.0,2.6917900403744023e-05,23,20,-2.6917175849905384e-05,1.0,GOOGL,0.7033333333333334,1.48
2026-06-16 23:40:00+00:00,371.5,372.0399,371.354,371.354,1823.0,371.5101065224748,371.5851487590671,371.73889786435103,370.8796787114501,-0.07504223659231,-0.1537491052839072,0.0012789088099888,42.95483845295615,-0.0909836896939282,-0.0927994561213404,0.0018157664274122,-0.1641017258640953,0.4509864000204434,0.0012144379756793,371.931617332524,371.252442667476,0.0018289143648593,2523.45,0.7224236660128,371.6341189190034,-0.0007537491977816,0.146000000000015,0.5398999999999887,0.0,0.0003931558566758,23,40,-0.0005813171138682,1.0,GOOGL,0.8066666666666666,1.48
2026-06-16 23:50:00+00:00,371.61,371.76,371.37,371.37,1666.0,371.499668174384,371.56847004881575,371.7199514695528,370.8918506138991,-0.0688018744318128,-0.1514814207370705,0.0012891881698384,44.415834019342284,-0.0850512464479038,-0.088716628453296,0.0036653820053921,-0.0355852536001164,0.4429831714461986,0.0011928351009672,371.9403506898271,371.23870931017296,0.0018893324168729,2337.1,0.7128492576269736,371.63299350716426,-0.0007076699640748,0.2400000000000091,0.1499999999999772,0.0,0.0006462557557153,23,50,-0.0006727302082772,1.0,GOOGL,0.7633333333333333,1.48
2026-06-17 23:15:00+00:00,365.35,365.51,365.35,365.42,3249.0,365.18259064611095,364.8458942601084,364.6560400792131,366.6649675425237,0.3366963860025862,0.1898541808952814,-0.0033953817591785,64.91192187183185,0.3219412077625065,0.2515125447468365,0.07042866301567,0.1260412099956259,0.4025565756125813,0.0011016271019992,365.7644530494842,363.7103269505158,0.0056212744211273,16079.45,0.2020591500331168,364.9954540407128,0.0011631541012011,0.0699999999999931,0.0899999999999749,0.0,0.0001915603962563,23,15,-0.0001094511027197,0.0,GOOGL,0.74,-1.02
2026-06-17 23:55:00+00:00,365.6001,365.6885,365.6,365.6415,978.0,365.5495521486939,365.2554805163744,364.9171443273103,366.5836364005148,0.2940716323195147,0.3383361890641367,-0.002570044887343,64.14313190494181,0.3263565643572974,0.3226422767560556,0.0037142876012417,0.082525866316317,0.315817207739638,0.0008637345808384,365.8901524743468,364.73473752565314,0.0031599666577608,2073.55,0.4716548913698729,365.4737262327416,0.0004590583541743,0.04140000000001,0.0469999999999686,9.999999997489796e-05,0.00011322565956,23,55,-0.0002693170011484,0.0,GOOGL,0.7,-1.02
2026-06-22 08:00:00+00:00,363.95,365.47,361.05,361.05,40537.0,365.1476347142929,365.73950186426833,366.3346024171749,366.0722327562214,-0.5918671499754851,-0.5951005529065583,-0.013719239829823,17.513753866395405,-0.5422045295250086,-0.3385629355275294,-0.2036415939974792,-1.285030758714966,0.7675026361551757,0.0021257516580949,367.8373337872659,363.4088262127341,0.012265635160038,3866.5,10.484158799948274,363.8351018385156,-0.0076548464522582,2.8999999999999773,1.5200000000000389,0.0,0.0080321285140561,8,0,-0.0146015283842794,1.0,GOOGL,0.8033333333333333,1.48
2026-06-22 10:45:00+00:00,361.45,361.6,361.3,361.3,2691.0,361.697132304917,362.1362109429474,363.2566505948505,364.9895124621469,-0.4390786380304234,-1.120439651903098,-0.0101085437695405,32.86934725660653,-0.5197663043277885,-0.5119387754544987,-0.0078275288732897,-0.2181778010991642,0.4660801885384673,0.0012900088251825,363.0172228794281,361.2424171205719,0.0049122772179801,3215.55,0.8368708308065493,361.842342448636,-0.0014988363301152,0.1499999999999772,0.1500000000000341,0.0,0.0004151674508717,10,45,-0.0004149951583897,1.0,GOOGL,0.7,1.48
2026-06-23 08:00:00+00:00,340.7,345.3194,340.1,340.58,95781.0,345.37301191172315,346.53247483500576,347.45103368231054,352.2377002633297,-1.1594629232826037,-0.91855884730478,-0.0330961173509097,10.487994398341655,-0.9961206521086864,-0.5490869164083534,-0.4470337357003331,-1.9569460357305304,0.8567813223189054,0.0025156536564651,350.0821345581687,343.6407854418312,0.0189128813093473,12822.5,7.469760187170989,344.6288225446592,-0.0117483573044287,0.1200000000000045,4.619399999999985,0.4799999999999613,0.0003523401256679,8,0,-0.0162333911034084,1.0,GOOGL,0.78,1.48
2026-06-25 08:00:00+00:00,341.7,342.82,340.52,341.04,105461.0,342.1897250974864,342.68573737283845,343.7483714970509,346.308457491957,-0.4960122753520295,-1.0626341242124795,-0.015213193261615,26.46960866542753,-0.5694978478446728,-0.5635897160532958,-0.005908131791377,-0.2807017543859589,0.5873713576744272,0.001722294621377,343.499814856161,341.49989514383907,0.0058641793112887,11618.95,9.076637734046535,341.87736572095025,-0.0024493160557277,0.6599999999999682,1.1200000000000043,0.5200000000000387,0.0019352568613651,8,0,-0.003185923479379,1.0,GOOGL,0.7633333333333333,1.48
2026-06-26 23:25:00+00:00,338.5,338.6,338.4,338.4,981.0,338.56314247979174,338.5328000416638,338.9269769862677,340.6054230938295,0.0303424381279455,-0.3941769446038847,-0.0064750087470625,46.866114748422326,-9.076413118691562e-05,-0.0141096908922386,0.0140189267610517,-0.0088644623703659,0.4092435290206928,0.0012093484900138,339.1310554157329,337.81386458426715,0.0038924078944022,2425.1,0.4045194012618036,338.70038682917,-0.0008868806793582,0.1000000000000227,0.1000000000000227,0.0,0.0002955082742317,23,25,-0.0006496958242278,1.0,GOOGL,0.71,1.48
2026-06-26 23:30:00+00:00,338.4247,338.57,338.3,338.3,1631.0,338.51051398383345,338.51163640151253,338.9023896534729,340.58248356055753,-0.0011224176790847,-0.3907532519603478,-0.0067017056681709,45.15291534150273,-0.020567780756096,-0.0154013088650101,-0.0051664718910858,-0.2064896755162208,0.3992975626620705,0.0011803061266984,339.1310554157329,337.81386458426715,0.0038935584731472,2433.35,0.6702693817165636,338.698735920958,-0.0011772583675984,0.1246999999999616,0.1453000000000202,0.0,0.0003686077446052,23,30,-0.0002955082742315,1.0,GOOGL,0.76,1.48
2026-06-26 23:55:00+00:00,338.498,338.5,338.12,338.12,4057.0,338.4445972222226,338.48373844404097,338.82012270116354,340.4786837734802,-0.0391412218183404,-0.3363842571225746,-0.0069275519610779,42.56043442843876,-0.0427225924714207,-0.0193960329235855,-0.0233265595478351,-0.1889243121974218,0.3948179291617491,0.0011676858191226,339.1155773968278,337.99142260317217,0.0033247213819224,3059.15,1.3261853782913553,338.59084341410966,-0.0013905970089503,0.3779999999999859,0.0020000000000095,0.0,0.0011179462912575,23,55,-0.001122599704579,1.0,GOOGL,0.8633333333333333,1.48
2026-06-29 23:40:00+00:00,353.13,353.26,353.06,353.06,3612.0,352.9829982828309,352.97855149725683,352.8304380922632,349.0111351057464,0.004446785574089,0.1481134049936372,0.0116009619378672,52.05393003370058,0.0022914815806416,-0.0049534589065331,0.0072449404871747,0.0254979176700498,0.312358174516332,0.000884716973082,353.47687499381107,352.576465006189,0.0025503030295759,2307.95,1.5650252388483288,352.94090264537164,0.0003374427665813,0.0699999999999931,0.1299999999999954,0.0,0.0001982665835835,23,40,0.0001699716713881,1.0,GOOGL,0.7533333333333333,1.48
2026-06-29 23:45:00+00:00,353.05,353.05,352.93,352.94,3802.0,352.9743986262648,352.975046815688,352.8347346376646,349.05022828877384,-0.0006481894232592,0.1403121780234073,0.0111438738496056,49.16804547752665,-0.0010059787032901,-0.0041639628658845,0.0031579841625943,-0.1048087191344226,0.299332590622308,0.0008481118338026,353.4753431300978,352.57199686990214,0.0025594896021864,2174.05,1.748809824981026,352.9462715290241,-1.776907572060499e-05,0.1100000000000136,0.0,0.0099999999999909,0.000311667705559,23,45,-0.0003398855718574,1.0,GOOGL,0.8233333333333334,1.48
2026-06-29 23:50:00+00:00,352.89,352.89,352.8,352.88,749.0,352.9555189010118,352.96640619608,352.83650974991303,349.0883354699801,-0.010887295068187,0.1298964461669811,0.0108616190939612,47.74280531561576,-0.0083643196242633,-0.0050040342175602,-0.003360285406703,0.0226757369614467,0.2879516912921421,0.0008160045661191,353.37936128516174,352.60221871483816,0.0022022856787677,2066.6,0.3624310461627794,352.94931638401243,-0.000196391891965,0.0099999999999909,0.0,0.079999999999984,2.8338245295825507e-05,23,50,-0.0001700005666686,1.0,GOOGL,0.7566666666666667,1.48
2026-06-30 23:45:00+00:00,357.22,357.4,357.22,357.3,3225.0,357.27388398227924,357.1877858928827,356.9893693156043,355.1379640076935,0.0860980893965575,0.1984165772784081,0.006087876294351,54.98579634740155,0.1036045728288854,0.1102604579154906,-0.0066558850866051,-0.014103803997412,0.2534965783484021,0.0007094782489459,357.5210513859437,356.9769686140563,0.0015227617461163,1998.95,1.6133470071787688,357.2138040396358,0.0002413007543085,0.079999999999984,0.0999999999999659,0.0,0.0002239014833472,23,45,0.0,0.0,GOOGL,0.7133333333333334,-1.02
2026-06-30 23:55:00+00:00,357.24,357.27,357.0001,357.1835,1408.0,357.2647857486587,357.19914949825016,357.00981650394687,355.1799118751683,0.065636250408545,0.1893329943032995,0.0056410513597286,50.80402472720961,0.0877802561569183,0.1044324876899736,-0.0166522315330552,0.0485980784851936,0.2593853150044896,0.0007261962408803,357.49941306793284,357.01095693206724,0.0013675215564705,2002.05,0.7032791388826453,357.2283773185994,-0.0001256264100189,0.0565000000000281,0.0299999999999727,0.183400000000006,0.0001581819988886,23,55,-0.0004099851677721,0.0,GOOGL,0.7366666666666667,-1.02
2026-07-01 09:30:00+00:00,355.3405,355.35,355.3,355.3,913.0,355.3611211926132,355.63777700990306,356.1143863584831,355.2047111430429,-0.2766558172898499,-0.4766093485800411,0.0002682646202818,39.869622301097,-0.3423271709600612,-0.3868729162767504,0.0445457453166892,-0.073124085948923,0.2672673971630631,0.0007522302199917,356.30138759183006,354.52740240817,0.0049929219917255,3766.2,0.2424194147947533,355.35333645977613,-0.0001500941578528,0.0405000000000086,0.0095000000000027,0.0,0.0001139881790036,9,30,-0.0001407063458562,1.0,GOOGL,0.72,1.48
2026-07-01 09:40:00+00:00,355.37,355.39,355.31,355.34,1217.0,355.3503175632725,355.58444380983724,356.05408752276736,355.2071930391734,-0.234126246564756,-0.4696437129301216,0.0003738858993543,40.909075241243535,-0.3052102587803347,-0.360558087393997,0.0553478286136622,-0.0393833689659174,0.2424652557171278,0.0006823472046972,355.5512630193653,355.15817698063466,0.0011062251329167,1579.35,0.7705701712729921,355.3519998965649,-3.376904187516342e-05,0.0300000000000295,0.0199999999999818,0.0299999999999727,8.442618337375347e-05,9,40,5.628729032980395e-05,1.0,GOOGL,0.72,1.48
2026-07-01 09:45:00+00:00,355.37,355.37,355.32,355.32,252.0,355.344254050618,355.5604034634884,356.0252997767765,355.20831549649506,-0.2161494128703793,-0.4648963132880794,0.0003144197324007,40.5179576039111,-0.2882273578720742,-0.3460919414896124,0.0578645836175382,0.0056290458767187,0.2287177374516195,0.0006436950845762,355.5513405471346,355.16009945286544,0.0011010950531047,1438.9,0.1751337827507123,355.3521668038187,-9.052091649822357e-05,0.0500000000000113,0.0,0.0,0.0001407182258246,9,45,-5.628412224911728e-05,1.0,GOOGL,0.7433333333333333,1.48
2026-07-01 23:00:00+00:00,360.19,360.4519,360.19,360.31,1818.0,360.3718817024647,360.3906275974973,360.3101582007648,358.7997081867717,-0.0187458950326231,0.0804693967325533,0.0042092894134745,48.3627359352244,-0.0170232754476273,-0.016563595129472,-0.0004596803181553,-0.0471593430980958,0.3364700979309937,0.0009338350252032,360.7372856725799,360.02831432742005,0.001967670464766,1964.95,0.9252143820453448,360.366968164728,-0.0001580837583925,0.1200000000000045,0.141900000000021,0.0,0.0003330465432544,23,0,-0.0003329356601836,0.0,GOOGL,0.72,-1.02
2026-07-01 23:05:00+00:00,360.21,360.26,360.14,360.16,1093.0,360.32950536197177,360.3696614522703,360.304269643872,358.8132434286944,-0.0401560902985238,0.0653918083982603,0.0037533636117678,45.63879537600552,-0.032972230103212,-0.01984532212422,-0.013126907978992,-0.0263424591865358,0.3245793766502096,0.0009012088423206,360.73156999879177,360.04003000120827,0.0019200910639257,1874.6,0.5830577189800491,360.3551371512857,-0.000541513443733,0.0499999999999545,0.0500000000000113,0.0200000000000386,0.0001388271879163,23,5,-0.000416308179068,0.0,GOOGL,0.81,-1.02
2026-07-01 23:15:00+00:00,360.13,360.13,360.0035,360.0035,613.0,360.2739834316619,360.3380549192317,360.29570488848015,358.8406197871272,-0.0640714875697199,0.0423500307514927,0.0032406593589171,43.55711391028627,-0.0523923871983242,-0.0274586067335674,-0.0249337804647568,-0.0601021597912534,0.322729156397373,0.0008964611632869,360.7393823585417,359.9865676414582,0.002091131661452,1559.9,0.3929739085838835,360.354652259025,-0.0009744629542694,0.1265000000000213,0.0,0.0,0.0003513854726412,23,15,-0.0010724492910458,1.0,GOOGL,0.84,1.48
2026-07-01 23:30:00+00:00,360.15,360.29,360.1,360.29,466.0,360.2653493962636,360.32227679275337,360.29187521616336,358.8684330632911,-0.0569273964897547,0.0304015765900089,0.0039612482061307,49.1092302852622,-0.0513890883892713,-0.0368456607794063,-0.014543427609865,-0.0582524271844603,0.3048761603630417,0.0008461965648867,360.65795155185936,359.9897584481406,0.0018545979730737,1586.05,0.293811670502191,360.34466178754,-0.0001516930687103,0.1400000000000432,0.0,0.0499999999999545,0.0003885758694386,23,30,0.0002498611882288,0.0,GOOGL,0.7133333333333334,-1.02
2026-07-01 23:35:00+00:00,360.2,360.48,360.2,360.2345,1362.0,360.2591795170109,360.31429708432125,360.2896252076864,358.88202576912903,-0.055117567310333,0.0246718766348408,0.0037685761162668,48.07191949665796,-0.0514501426047218,-0.0397665571444694,-0.0116835854602523,-0.1179781511673042,0.3030992917656837,0.0008413944021621,360.65682493225074,359.98433506774927,0.0018668113812016,1367.45,0.9960144795056493,360.3441602394295,-0.0003043208452625,0.0345000000000368,0.2454999999999927,0.0,9.57709492012476e-05,23,35,-0.000154042576813,0.0,GOOGL,0.7866666666666666,-1.02
2026-07-01 23:40:00+00:00,360.26,360.48,360.1032,360.1032,1001.0,360.2279836136088,360.2951064402921,360.28231441522814,358.8941767565009,-0.0671228266832599,0.0127920250639022,0.0033687457802343,45.617044738528,-0.0613857247665805,-0.0440903906688916,-0.0172953340976888,-0.08235294117646,0.3083636280681351,0.0008563201550781,360.5940253253924,359.98840467460764,0.0016817974702384,1403.2,0.7133694412770809,360.33959802564215,-0.0006560423193492,0.1567999999999756,0.2200000000000272,0.0,0.0004354307320789,23,40,-0.0003644848008728,0.0,GOOGL,0.8466666666666667,-1.02
2026-07-01 23:50:00+00:00,360.2,360.48,360.0,360.0,2572.0,360.21320551270964,360.27864995065454,360.2764535605393,358.9202171365608,-0.0654444379449046,0.0021963901152162,0.0030084202892042,44.53996099129439,-0.0619245717564922,-0.0475068927388361,-0.0144176790176561,-0.1193019448991501,0.3274043527730353,0.0009094565354806,360.6204368437321,359.971553156268,0.0018024546874004,1511.05,1.702127659574468,360.31110052464,-0.0008634219822454,0.1999999999999886,0.2800000000000295,0.0,0.0005555555555555,23,50,-0.0011669699234726,1.0,GOOGL,0.8666666666666667,1.48
2026-07-02 08:00:00+00:00,358.04,360.45,357.32,358.13,50964.0,359.7976515281342,360.0784710335988,360.19015186422723,358.9251587541137,-0.2808195054645352,-0.1116808306284724,-0.0022153887369551,27.58681690046903,-0.2216573891963094,-0.0840763395692113,-0.137581049627098,-0.5636383829409233,0.5456700796869552,0.0015236648135787,361.1670719769671,359.1864280230329,0.0055305167227939,4298.6,11.85595310100963,359.2505218505694,-0.0031190542042844,0.0899999999999749,2.319999999999993,0.7200000000000273,0.0002513053918967,8,0,-0.0058020098828495,0.0,GOOGL,0.7,-1.02
2026-07-02 23:00:00+00:00,359.49,359.49,359.0351,359.08,1625.0,359.0793919177819,359.0239191896616,358.7758380122699,358.4162903016227,0.0554727281202644,0.2480811773917253,0.0018517844091816,51.30409539402346,0.0682706836786906,0.0614246499448335,0.0068460337338571,0.1115200178431965,0.3998585114194554,0.0011135638615892,359.38111621322554,358.5948937867745,0.002189546692801,2256.85,0.7200301304916145,359.04036854602947,0.0001103816100986,0.410000000000025,0.0,0.0448999999999841,0.0011418068397015,23,0,-0.0009887729477954,0.0,GOOGL,0.7333333333333333,-1.02
2026-07-02 23:10:00+00:00,359.1448,359.2759,359.14,359.2759,362.0,359.14599082738044,359.0655109005468,358.8133136745328,358.43305670737266,0.0804799268336751,0.2521972260139478,0.0023514664087342,53.83957335561945,0.0872235224186397,0.0692747298067665,0.0179487926118731,0.0740647892816322,0.3657586144382044,0.0010180438332718,359.43810644990333,358.5853835500967,0.0023734486499278,2197.7,0.1647176593711607,359.0555533628392,0.0006136839692272,0.1311000000000035,0.0,0.0047999999999888,0.0003649006237267,23,10,7.209464161439527e-05,0.0,GOOGL,0.74,-1.02
2026-07-02 23:15:00+00:00,359.1481,359.1481,358.88,358.88,1238.0,359.09279266190435,359.04864627322434,358.8159288245511,358.4375039043142,0.0441463886800193,0.2327174486732133,0.0012345139413868,48.03642067472799,0.0616868656972542,0.0677571569848641,-0.0060702912876098,0.0416468514255584,0.36791157054976,0.0010251659901631,359.4382356844356,358.5822543155644,0.0023851464803588,2168.6,0.5708752190353223,359.0535312285176,-0.0004833018294622,0.268100000000004,0.0,0.0,0.0007470463664734,23,15,-0.0011019386493777,1.0,GOOGL,0.79,1.48
2026-07-02 23:20:00+00:00,358.95,358.95,358.65,358.75,1709.0,359.0242341295235,359.02149661202213,358.8133433804511,358.44061331820166,0.002737517501373,0.2081532315710319,0.000863146279475,46.27270016987419,0.0306061589702153,0.0603269573819343,-0.029720798411719,-0.1224978423675485,0.3630607440819208,0.0010120160113781,359.4358488622362,358.58764113776385,0.0023643420891214,2164.4,0.7895952688966918,359.0345598071735,-0.0007925694042554,0.1999999999999886,0.0,0.1000000000000227,0.0005574912891985,23,20,-0.000362238074008,1.0,GOOGL,0.7966666666666666,1.48
2026-07-02 23:25:00+00:00,358.693,358.693,358.66,358.66,482.0,358.95138730361884,358.9886332836565,358.8073299145511,358.4427962702594,-0.0372459800376532,0.1813033691054215,0.0006059648345585,45.03976820606619,-0.0012730973996326,0.0480069464256209,-0.0492800438252536,-0.0947075208913579,0.3435564052189247,0.0009578888228933,359.44867217222685,358.5508178277731,0.0025033579001109,2147.45,0.2244522573284593,359.00838688227583,-0.0009704143273679,0.0329999999999586,0.0,0.0,9.200914515128148e-05,23,25,-0.0002508710801393,1.0,GOOGL,0.77,1.48
2026-06-09 23:15:00+00:00,395.62,395.62,395.25,395.48,3694.0,395.82248293289535,396.00189074210175,396.19971518275526,400.0236583264442,-0.1794078092063955,-0.1978244406535054,-0.0113584740098953,42.47633556901171,-0.1650833173580395,-0.1263984709812319,-0.0386848463768075,-0.2320887991927243,0.587973325449275,0.0014867334010551,396.8002426880859,395.207437311914,0.0040275244669057,6347.6,0.5819522339151805,395.9371915220389,-0.0011547071905051,0.1399999999999863,0.0,0.2300000000000182,0.0003540002022857,23,15,-0.0009306593130097,0.0,TSLA,0.7066666666666667,-1.02
2026-06-09 23:20:00+00:00,395.3,395.4,395.03,395.1,12019.0,395.6779863463163,395.919900674638,396.15658909715705,399.9746667013055,-0.241914328321684,-0.2366884225190801,-0.012187438623321,38.57907659758184,-0.2147160454640584,-0.1440619858777972,-0.0706540595862612,-0.22979217696522,0.5781180879171872,0.0014632196606357,396.8479812558454,395.0706987441546,0.0044983105838795,6091.95,1.9729314915585323,395.782461540681,-0.0017243349743805,0.1999999999999886,0.0999999999999659,0.07000000000005,0.0005062009617817,23,20,-0.0009608576919186,1.0,TSLA,0.7666666666666667,1.48
2026-06-09 23:30:00+00:00,395.2039,395.23,395.0,395.087,6068.0,395.4993112616425,395.7929509707751,396.08237002009776,399.8799819320908,-0.2936397091326626,-0.289419049322646,-0.0119860511869903,39.38248940241375,-0.2655611465069682,-0.1829440224307901,-0.0826171240761781,-0.1902283751010473,0.5338365145816558,0.0013511872437758,396.9035762162952,394.9128037837048,0.0050388203929525,6126.6,0.9904351516338588,395.6185676391328,-0.0013436367314734,0.1168999999999869,0.0261000000000422,0.086999999999989,0.0002958841976576,23,30,-0.0005388312673919,1.0,TSLA,0.7666666666666667,1.48
2026-06-09 23:35:00+00:00,395.1,395.15,395.0,395.001,6514.0,395.399649009314,395.7209554279773,396.039963352643,399.8314348481894,-0.3213064186633687,-0.319007924665641,-0.0120811782846025,38.4846463060405,-0.2931818323411903,-0.2049915844128702,-0.0881902479283201,-0.0806941212182578,0.5064196206829645,0.0012820717433195,396.930011002761,394.7896289972391,0.0054186749034101,6166.1,1.0564214008854866,395.51555953520415,-0.0013009843046601,0.0990000000000463,0.0499999999999545,0.0009999999999763,0.0002506322768804,23,35,-0.0002176735756934,1.0,TSLA,0.7666666666666667,1.48
2026-06-09 23:45:00+00:00,395.34,395.6724,395.26,395.2805,5128.0,395.367875365961,395.6502565520474,395.9841841636662,399.7420042182904,-0.2823811860863543,-0.333927611618833,-0.0111609592467396,43.21855567130685,-0.278476729464387,-0.2322724257526968,-0.0462043037116902,-0.0554993678887439,0.4968572239562297,0.0012569737792687,396.7691255590532,394.7165644409468,0.005192669808165,5756.25,0.89085776330076,395.4172921005315,-0.0003459436480503,0.0594999999999572,0.3324000000000069,0.0205000000000268,0.0001505260188649,23,45,-0.000175793600607,0.0,TSLA,0.79,-1.02
2026-06-09 23:50:00+00:00,395.3,395.6,395.03,395.39,10240.0,395.3723002927688,395.6265968654976,395.9608828239146,399.6987006937303,-0.2542965727287765,-0.3342859584170128,-0.0107798716539533,44.99742370359493,-0.2625225429400188,-0.2383224491901612,-0.0242000937498576,-0.1742072308624514,0.5020817079593598,0.0012698391662898,396.6690168348793,394.70867316512073,0.0049580001258468,5988.55,1.7099297826685924,395.3979647905328,-2.0143731738661814e-05,0.0899999999999749,0.2100000000000363,0.2700000000000386,0.0002276233592148,23,50,0.0002770184716927,0.0,TSLA,0.7733333333333333,-1.02
2026-06-10 08:00:00+00:00,392.9,393.55,390.548,392.128,151080.0,394.7956161873721,395.3248073268575,395.8053936409915,399.585193816302,-0.5291911394854765,-0.4805863141339728,-0.0186623376734279,24.727976955430023,-0.4656020265309166,-0.2796400359701059,-0.1859619905608107,-0.939854752475958,0.8501908604343462,0.002168146269673,397.10499901605226,393.73883098394776,0.0085843602907838,13729.75,11.00384202188678,393.2756051493453,-0.002918068485101,0.7719999999999914,0.6500000000000341,1.579999999999984,0.0019687448996245,8,0,-0.0093359816524237,0.0,TSLA,0.72,-1.02
2026-06-10 23:30:00+00:00,379.71,379.8,379.21,379.21,12987.0,379.34833769131245,379.7849797467155,380.7799741778952,386.4826910407821,-0.4366420554030696,-0.9949944311796912,-0.0188176371397048,41.99180447018302,-0.4919633465636934,-0.4772010788357123,-0.0147622677279811,-0.2105207757690617,0.6575583675860849,0.0017340216966485,381.03222606293,378.5903839370701,0.0064392872705359,17589.15,0.7383529050579476,379.47337444009526,-0.0006940524891473,0.5,0.0900000000000318,0.0,0.0013185306294665,23,30,-0.0013672901636219,1.0,TSLA,0.7066666666666667,1.48
2026-06-10 23:35:00+00:00,379.2,379.31,379.0,379.0,13553.0,379.27867015305,379.7136179515595,380.71017126895816,386.4082364035604,-0.4349477985095404,-0.99655331739865,-0.019172045794136,40.24630935292405,-0.4922551053642223,-0.4802118841414143,-0.012043221222808,-0.329229124167421,0.6327327699013647,0.0016694796039613,380.9446818754621,378.5179281245379,0.006403044197689,17999.85,0.7529507190337698,379.4340901937159,-0.0011440463704626,0.1999999999999886,0.1100000000000136,0.0,0.000527704485488,23,35,-0.0005537828643759,1.0,TSLA,0.7166666666666667,1.48
2026-06-10 23:45:00+00:00,379.252,379.75,379.2,379.5,9247.0,379.342348897952,379.6682792988095,380.6133491798418,386.270457904938,-0.3259304008575441,-0.945069881032282,-0.0175277652390497,46.08153424408668,-0.4125873142974114,-0.4626474870491685,0.050060172751757,0.0949517328691284,0.6478665209863846,0.0017071581580668,380.8648644773994,378.46873552260064,0.0063139102893248,17399.7,0.5314459444703069,379.3789108367127,0.0003191773707722,0.2479999999999904,0.25,0.0520000000000209,0.0006534914361001,23,45,0.0002635740643122,0.0,TSLA,0.7133333333333334,-1.02
2026-06-10 23:50:00+00:00,379.5,379.5,378.913,378.913,14476.0,379.2564791183616,379.5996175443723,380.546668819848,386.19724936857045,-0.3431384260106824,-0.9470512754757578,-0.0188614739760061,40.74592593339887,-0.4215096950783277,-0.4544199286550003,0.0329102335766726,-0.1573081078232405,0.6435189123444992,0.0016983289365751,380.7642980114298,378.4106019885701,0.0062117056497394,16894.7,0.8568367594571078,379.3418317252834,-0.0011304625259307,0.5869999999999891,0.0,0.0,0.0015491682787341,23,50,-0.0015467720685111,1.0,TSLA,0.7133333333333334,1.48
2026-06-10 23:55:00+00:00,378.9,379.0,378.6801,378.78,23679.0,379.1611832946893,379.52510685852025,380.477387689658,386.1234458922663,-0.3639235638309515,-0.9522808311377275,-0.0190183889903313,39.62638572486473,-0.4343063216721816,-0.4503972072584367,0.016090885586255,-0.1239288068556433,0.6204032757484648,0.0016378987162692,380.6774176637506,378.3384923362495,0.0061748913023419,17168.4,1.379219962256238,379.2519823109735,-0.0012445084877276,0.1200000000000045,0.1000000000000227,0.099899999999991,0.000316806589577,23,55,-0.0003510040563402,1.0,TSLA,0.7033333333333334,1.48
2026-06-11 23:20:00+00:00,399.33,399.48,399.0,399.0,12017.0,399.3038517269141,399.0765263540637,397.63710249460274,391.8869750360064,0.22732537285043,1.4394238594609303,0.0181507052214227,52.389184634736765,0.3754841997604785,0.4955722708164914,-0.1200880710560128,-0.1401541695865457,0.3995605842851921,0.0010014049731458,400.01873058374736,398.3895394162527,0.0040831858834453,14735.5,0.8155135556988226,399.4331542785493,-0.0010844224469339,0.3299999999999841,0.1500000000000341,0.0,0.0008270676691728,23,20,-0.0011765589405963,0.0,TSLA,0.72,-1.02
2026-06-11 23:25:00+00:00,399.03,399.31,399.0,399.31,10043.0,399.30508138153135,399.097751230967,397.7027063183439,391.9608359809217,0.2073301505643598,1.3950449126231206,0.0187497406486702,57.02695245793925,0.3502173756727984,0.4665012917877528,-0.1162839161149543,-0.0375506934361331,0.3931633996933928,0.0009846069462157,399.9647112494709,398.5405587505292,0.0035665335176721,14747.4,0.681001396856395,399.4456517615967,-0.0003396000457093,0.2800000000000295,0.0,0.0299999999999727,0.0007012095865368,23,25,0.0007769423558896,0.0,TSLA,0.7,-1.02
2026-06-11 23:30:00+00:00,399.2,399.3623,399.11,399.2,8858.0,399.28406510522507,399.1070465736064,397.7614237176245,392.03286746369866,0.177018531618728,1.3456228559818442,0.0182819685060334,54.98038149643451,0.3176554208955622,0.4367321176093147,-0.1190766967137525,-0.1175970175394768,0.3831017282867212,0.0009596736680529,399.9073385701017,398.6700214298983,0.003099491834177,14716.5,0.6019094213977508,399.44550746758046,-0.0006146206753881,0.0,0.1623000000000161,0.0899999999999749,0.0,23,30,-0.0002754751947109,0.0,TSLA,0.76,-1.02
2026-06-11 23:35:00+00:00,399.2244,399.2244,399.0,399.0078,9210.0,399.2288120841801,399.098024157824,397.81030121889415,392.1022697774927,0.1307879263561062,1.2877229389297895,0.0176115538082091,51.50245831595113,0.273191719336296,0.404024037954711,-0.1308323186184149,-0.1656866915205147,0.3717658905519556,0.0009317258724063,399.8297920068738,398.8003479931261,0.0025800097485505,14790.6,0.6226927913674901,399.4154142087586,-0.0010205269858352,0.2166000000000281,0.0,0.0077999999999747,0.0005428465308197,23,35,-0.0004814629258517,0.0,TSLA,0.7633333333333333,-1.02
2026-06-11 23:40:00+00:00,399.0,399.01,398.65,398.8,19976.0,399.143049667344,399.0709310525672,397.8491129358002,392.1689138593088,0.072118614776798,1.2218181167669968,0.0169087500471038,47.96938060305718,0.2186655517974713,0.3669523407232631,-0.1482867889257917,-0.1976027404116641,0.3709254697982455,0.0009301039864549,399.8160019781552,398.8222280218447,0.0024919106226442,15140.15,1.3194056862052226,399.3372937741229,-0.0013454635529904,0.1999999999999886,0.0099999999999909,0.1500000000000341,0.0005015045135405,23,40,-0.0005207918241196,1.0,TSLA,0.7333333333333333,1.48
2026-06-11 23:55:00+00:00,398.97,398.974,398.5944,398.8,17297.0,399.0652414296802,399.053892601478,397.98047800456806,392.3712528778049,0.0113488282021876,1.07341459690997,0.0163843479231573,47.80262015774767,0.1385106065683885,0.2711346237493093,-0.1326240171809208,-0.1252191334835962,0.4038414202429811,0.0010126414750325,399.841284566077,398.758455433923,0.0027152184858424,14560.3,1.187956292109366,399.1726402281434,-0.0009335314863523,0.1700000000000159,0.0039999999999622,0.205600000000004,0.0004262788365095,23,55,-0.000501253132832,1.0,TSLA,0.7333333333333333,1.48
2026-06-12 23:30:00+00:00,405.8,405.8099,405.74,405.75,4150.0,405.8343534124109,405.7764134856309,404.9462060189898,400.7247202593616,0.0579399267800226,0.8302074666410704,0.0125404785045103,52.03492325571445,0.1429451853527439,0.2149588809266967,-0.0720136955739528,-0.0098573153601667,0.3138747198082129,0.0007735667770997,406.1872364678797,405.5189735321204,0.0016469819735286,6289.25,0.659856103668959,405.84917552697016,-0.0002443654760204,0.0500000000000113,0.009900000000016,0.0099999999999909,0.0001232285890326,23,30,-0.0001232134056186,1.0,TSLA,0.7066666666666667,1.48
2026-06-12 23:35:00+00:00,405.7,405.7472,405.55,405.57,3849.0,405.7814827299287,405.7576486233008,404.970668528049,400.7729319980744,0.0238341066279303,0.7869800952517494,0.0119695409019006,47.52658270512983,0.1110962569392768,0.1941863561292127,-0.0830900991899359,-0.0320433818092175,0.3057408112504826,0.0007538546027824,406.18470293984143,405.5235070601586,0.0016302879396475,6297.05,0.6112385958504379,405.8234038003828,-0.0006244188925769,0.1299999999999954,0.0472000000000321,0.0199999999999818,0.0003205365288359,23,35,-0.0004436229205175,1.0,TSLA,0.7366666666666667,1.48
2026-06-15 23:45:00+00:00,408.69,408.79,408.55,408.61,6102.0,408.6987650635325,408.8652084354408,409.2909763456765,408.7146092448452,-0.1664433719082581,-0.4257679102357201,-0.0002559469186541,38.947464902443386,-0.2250960911203492,-0.2696651583673529,0.0445690672470036,-0.0220210423293308,0.265014143436417,0.0006485747863155,408.8992170727609,408.5101129272392,0.0009522629047789,7029.3,0.8680807477273697,408.7014612879825,-0.0002237850769954,0.079999999999984,0.1000000000000227,0.0600000000000022,0.0001957857125375,23,45,-0.0002202104232933,0.0,TSLA,0.7033333333333334,-1.02
2026-06-16 08:00:00+00:00,405.0,406.2,403.5935,405.35,79774.0,408.0804781125287,408.5464225660712,409.1051025223519,408.6840833207934,-0.4659444535425336,-0.5586799562806846,-0.0081580943737813,16.394776680143693,-0.4314008779277287,-0.2782178595582305,-0.1531830183694982,-0.8148184398551395,0.6291035251930798,0.0015520008022525,410.0271642258653,407.06371577413466,0.0073108386622194,11181.0,7.134782219837224,407.0575980818718,-0.004194979015054,0.3500000000000227,0.8499999999999659,1.406499999999994,0.0008634513383496,8,0,-0.0088757396449703,0.0,TSLA,0.7366666666666667,-1.02
2026-06-16 23:10:00+00:00,403.3,403.5,403.21,403.25,3854.0,403.42546981140106,403.55526716249153,403.9799642514096,405.4940741266845,-0.1297973510904739,-0.4246970889180943,-0.0055341724327724,40.04420321364302,-0.1681124960052216,-0.1810381916680893,0.0129256956628676,-0.039661882452102,0.3068054647358324,0.0007608319026307,403.8597057022546,403.2026242977454,0.0016294641153358,5243.6,0.7349912274010222,403.5021170202936,-0.0006248220508862,0.0500000000000113,0.1999999999999886,0.0400000000000204,0.0001239925604464,23,10,-0.0006195786864932,0.0,TSLA,0.7,-1.02
2026-06-17 23:20:00+00:00,397.78,397.8,397.7,397.7699,11653.0,397.674705597078,397.5507774969541,397.9490209713618,400.6655099867825,0.1239281001238623,-0.3982434744076499,-0.0072270008638328,53.70485767821752,0.0809599722243206,0.0332771326335388,0.0476828395907817,0.0175760623585663,0.3967159759201054,0.0009973504177166,398.17685081627377,396.8464491837262,0.0033446513488013,6837.05,1.7043900512647998,397.6148504865623,0.0003899490002649,0.0100999999999658,0.0200000000000386,0.0699000000000182,2.539156431888336e-05,23,20,-2.539091960374052e-05,0.0,TSLA,0.71,-1.02
2026-06-17 23:25:00+00:00,397.7,397.832,397.6,397.7,10446.0,397.6797644776625,397.5643431790492,397.93925544307314,400.636002424725,0.1154212986132847,-0.3749122640239761,-0.0073283539346333,52.4101699524614,0.0800967244809953,0.0426410510030301,0.0374556734779651,-0.0502638853983384,0.3849505490686672,0.0009679420393982,398.1730126154003,396.9202873845997,0.0031499251465944,7197.4,1.4513574346291718,397.6818039971634,4.5755180784482346e-05,0.0,0.132000000000005,0.0999999999999659,0.0,23,25,-0.0001757297372174,0.0,TSLA,0.73,-1.02
2026-06-17 23:30:00+00:00,397.8499,397.8499,397.56,397.72,5157.0,397.68781158212994,397.5784937991356,397.9306571904036,400.60698747522525,0.1093177829943101,-0.3521633912679931,-0.0072065329998862,52.761074482409896,0.0801030491895176,0.0501334506403276,0.0299695985491899,0.0201187003319688,0.3781612241351902,0.000950822750013,398.16960128705466,396.9887287129453,0.0029691053356867,7301.3,0.7063125744730391,397.6949405895557,6.301164004545583e-05,0.1298999999999637,0.0,0.160000000000025,0.0003266116866136,23,30,5.028916268545736e-05,0.0,TSLA,0.71,-1.02
2026-06-18 13:45:00+00:00,388.13,390.55,387.82,389.07,971215.0,393.17854949363146,395.5180381176568,396.9403920706419,399.0487375013355,-2.339488624025307,-1.4223539529851337,-0.0250063126720257,18.54569647619581,-1.8662376218651389,-0.7577383691261639,-1.108499252738975,-2.2614245007374256,1.4766185785486976,0.0037952516990482,403.2927568642893,389.71059313571067,0.0349093061109276,406247.0,2.3907007313284776,392.3510755195292,-0.008362601058719,0.9399999999999976,1.4800000000000182,0.3100000000000023,0.0024160176831932,13,45,0.0023702176993429,0.0,TSLA,0.72,-1.02
2026-06-18 13:50:00+00:00,389.075,390.3913,388.38,388.62,757663.0,392.2668395949052,394.8909437433243,396.61410218551873,398.9449689689839,-2.624104148419121,-1.7231584421944035,-0.0258806847362113,17.819811053167655,-2.163810268180839,-1.038952748937099,-1.12485751924374,-2.332244282483029,1.5148101086523624,0.0038979211277143,403.6203519128232,388.4689980871768,0.0389875812506984,443202.5,1.7095187865591914,392.06945191146417,-0.0087980634416861,0.4549999999999841,1.3163000000000125,0.2400000000000091,0.0011708095311615,13,50,-0.0011566042100392,0.0,TSLA,0.7433333333333333,-1.02
2026-06-18 13:55:00+00:00,388.56,389.4101,386.79,388.57,1014339.0,391.5274716759242,394.3163124939312,396.2986471978514,398.8417354469045,-2.7888408180070314,-1.9823347039201733,-0.0257539132292536,17.73674167829317,-2.3762810279076234,-1.306418404731204,-1.0698626231764194,-2.409143206174975,1.5937593866057636,0.0041016017361241,403.7649662901684,387.3923837098317,0.0421354777268875,493654.95,2.0547530213158,391.6692963383873,-0.0079130439055647,0.0099999999999909,0.8401000000000067,1.7699999999999818,2.573538873302341e-05,13,55,-0.0001286603880397,1.0,TSLA,0.7,1.48
2026-06-18 23:05:00+00:00,398.3883,398.3883,398.25,398.31,3444.0,398.394716142564,398.70544483108654,398.2665346516066,397.17489034206505,-0.3107286885225448,0.438910179479933,0.0028579592656457,42.41706833495092,-0.2296287262004739,-0.1151381548968137,-0.1144905713036601,-0.1729323308270671,0.3983465924477429,0.001000091869267,400.17249006876926,397.61364993123067,0.0064242427695478,7206.35,0.477911841639665,398.6432392985437,-0.0008359336511765,0.0783000000000129,0.0,0.0600000000000022,0.0001965805528357,23,5,-0.0002259036144577,0.0,TSLA,0.7366666666666667,-1.02
2026-06-18 23:10:00+00:00,398.384,398.46,398.37,398.37,1510.0,398.38977291405126,398.6749498464423,398.2705921162495,397.1867819804525,-0.2851769323909821,0.4043577301927712,0.0029789964652091,43.66071544688609,-0.2226749719324061,-0.1366455183039322,-0.0860294536284738,-0.1513883110177568,0.3806075501300454,0.0009554121799584,400.0294058744053,397.6047341255946,0.0060864817853019,7115.95,0.2121993549701726,398.5495284651144,-0.0004504545916935,0.01400000000001,0.0759999999999649,0.0,3.5143208574968005e-05,23,10,0.0001506364389545,0.0,TSLA,0.7266666666666667,-1.02
2026-06-18 23:15:00+00:00,398.27,398.35,398.25,398.27,3531.0,398.365818331241,398.6381362240384,398.2705688960044,397.1975602692042,-0.2723178927973322,0.3675673280339424,0.0027000159066156,42.031380107967614,-0.2226664753185332,-0.1538497097068524,-0.0688167656116807,-0.133900362082625,0.3619927251207567,0.0009089128609253,399.89337372724606,397.590766272754,0.0057815237263466,7078.75,0.4988168815115663,398.4828936026059,-0.0005342603309295,0.0,0.0800000000000409,0.0199999999999818,0.0,23,15,-0.0002510229183925,1.0,TSLA,0.73,1.48
2026-06-18 23:20:00+00:00,398.2701,398.37,398.27,398.37,2833.0,398.3666546649929,398.6137602036712,398.2744681549847,397.20922633617727,-0.2471055386782836,0.3392920486865023,0.0029223230148242,44.27105575684065,-0.2121451007599262,-0.1655087879174672,-0.046636312842459,-0.0476716178241664,0.3432789590407043,0.0008617088612111,399.7486529268899,397.60239707311007,0.0053875940803269,6988.85,0.4053599662319265,398.4362065881144,-0.0001661660938931,0.099899999999991,0.0,0.0001000000000317,0.000250771895474,23,20,0.0002510859467195,0.0,TSLA,0.7,-1.02
2026-06-18 23:25:00+00:00,398.37,398.37,398.2801,398.33,3412.0,398.3593237319943,398.5879638215192,398.27664587439705,397.22037831293176,-0.2286400895249016,0.311317947122177,0.0027934661655099,43.54630586269226,-0.2046751337893511,-0.173342057091844,-0.031333076697507,0.0602878746012231,0.3251804619663683,0.0008163594556432,399.5986426789591,397.6224073210409,0.0049613018299354,6831.45,0.4994547277664332,398.3853619959109,-0.0001389659389932,0.0400000000000204,0.0,0.0498999999999796,0.0001004192503703,23,25,-0.0001004091673569,1.0,TSLA,0.7033333333333334,1.48
2026-06-18 23:45:00+00:00,398.5,398.6498,398.42,398.4556,5328.0,398.4261838006249,398.5486015856288,398.3036795573362,397.2688669982351,-0.1224177850039041,0.2449220282925921,0.0029872288023269,47.078689910519785,-0.1372569801554846,-0.1659240826609764,0.0286671025054918,0.0290204348044457,0.2894838185709503,0.0007265146193727,399.11609260110646,397.7614173988936,0.0033998146900505,5874.55,0.9069630865342876,398.20751863800814,0.0006229951730705,0.044399999999996,0.1498000000000274,0.035599999999988,0.0001114302321262,23,45,-0.0004109182844587,0.0,TSLA,0.7133333333333334,-1.02
2026-06-18 23:55:00+00:00,398.53,398.84,398.42,398.5,12023.0,398.4671576324,398.5476046162222,398.322166327245,397.2941318778522,-0.0804469838221848,0.2254382889771591,0.0030352024492486,48.14619552661504,-0.1040102287653894,-0.1454457441453412,0.0414355153799518,0.047701539002284,0.2921416598902567,0.000733103287052,398.9056460851776,397.86086391482246,0.0026217871276163,6020.85,1.9968941262446327,398.4054039477232,0.000237436669632,0.0299999999999727,0.3100000000000023,0.079999999999984,7.528230865739702e-05,23,55,-0.0002257959306555,0.0,TSLA,0.72,-1.02
2026-06-22 08:00:00+00:00,395.15,396.2,390.84,391.42,103562.0,397.05772610592,397.899640560202,398.05149313794135,397.2356828044408,-0.8419144542819481,-0.151852577739362,-0.0146403836719367,10.848765276876309,-0.6587450045796004,-0.2481055962321931,-0.4106394083474073,-1.744609282827519,0.818417255612383,0.0020908927893627,401.06003554403287,394.9510744559672,0.0156071766595107,10395.5,9.962195180606994,394.82989455567326,-0.0086363636662077,3.729999999999961,1.0500000000000114,0.5800000000000409,0.0095294057534105,8,0,-0.0177666248431618,1.0,TSLA,0.7,1.48
2026-06-22 23:05:00+00:00,403.54,403.61,403.54,403.585,4134.0,403.84129590740656,404.16519782426246,404.70650886836,402.91429206529455,-0.3239019168559025,-0.5413110440974833,0.0016646417064717,37.60792620904346,-0.3304056823919268,-0.2612122926113202,-0.0691933897806066,-0.2878319950586833,0.3640810515318272,0.0009021174016175,405.2433855239223,403.2877444760777,0.0048456732729029,4815.75,0.8584332658464414,404.18298931267753,-0.0014795014349674,0.044999999999959,0.0250000000000341,0.0,0.0001115006751984,23,5,8.697809118518585e-05,0.0,TSLA,0.7366666666666667,-1.02
2026-06-22 23:10:00+00:00,403.57,403.57,403.2,403.2,4036.0,403.7130367259253,404.0774525675113,404.64743008920857,402.9171349303165,-0.3644158415860374,-0.5699775216972967,0.000702042790343,33.15617786453464,-0.3652500911646825,-0.2820198523219926,-0.0832302388426898,-0.4124780793835097,0.365575262136696,0.0009066846779183,405.29263781501936,403.1284921849806,0.0053674246776755,4803.3,0.8402556575687548,404.0174524060761,-0.0020233096397391,0.3700000000000045,0.0,0.0,0.0009176587301587,23,10,-0.0009539502211429,0.0,TSLA,0.7233333333333334,-1.02
2026-06-22 23:25:00+00:00,403.48,403.6,403.4,403.4,3836.0,403.5298748036738,403.8919252948995,404.4982860480909,402.9292532972274,-0.3620504912257161,-0.6063607531913249,0.0011683110593743,37.64353740271978,-0.3819481634729413,-0.332169096586737,-0.0497790668862043,-0.0619348445435402,0.3376777882340849,0.0008370792965644,405.2782364921057,402.8198935078944,0.0060940579678019,4809.0,0.7976710334788938,403.7618535937044,-0.0008962054995628,0.0800000000000409,0.1200000000000045,0.0,0.0001983143282103,23,25,0.0001735551533483,0.0,TSLA,0.7133333333333334,-1.02
2026-06-22 23:30:00+00:00,403.435,403.52,403.4,403.4174,2346.0,403.50737984293903,403.84878663172685,404.4558983599304,402.9341104783495,-0.3414067887878218,-0.607111728203563,0.001199425685447,38.05932792031159,-0.3709652983338856,-0.3399283369361668,-0.0310369613977187,-0.0376886756804016,0.3221293747887935,0.00079850143992,405.22310608988266,402.7580639101173,0.0061104012364499,4787.9,0.4899851709517743,403.727666471793,-0.0007685043596454,0.0176000000000158,0.0849999999999795,0.0174000000000091,4.36272704152469e-05,23,30,4.313336638572807e-05,0.0,TSLA,0.7133333333333334,-1.02
2026-06-22 23:35:00+00:00,403.4174,403.699,403.4174,403.5,3073.0,403.5059038743513,403.81707875611534,404.4184121497371,402.9397412198585,-0.3111748817640887,-0.6013333936217578,0.0013904282026026,40.101191743830896,-0.3515437909077832,-0.3422514277304901,-0.009292363177293,-0.1731815932706553,0.3192344194467386,0.0007911633691368,405.1227697779949,402.731410222005,0.0059265416505325,4783.9,0.6423629256464392,403.6530156241312,-0.0003790771236889,0.0826000000000135,0.1990000000000122,0.0,0.0002047087980173,23,35,0.0002047507122895,0.0,TSLA,0.7366666666666667,-1.02
2026-06-22 23:40:00+00:00,403.5,403.54,403.4,403.41,1230.0,403.486723099481,403.7800715964685,404.3788665752376,402.9444204117007,-0.2933484969874484,-0.5987949787691491,0.001155443690779,38.60780226575295,-0.3395008002929103,-0.3417013022429742,0.0022005019500638,-0.0470763131813671,0.3064319609148317,0.0007596042758355,404.98024897837365,402.7249310216264,0.0055906347307881,4251.5,0.2893096554157356,403.5971515815477,-0.0004637088760767,0.0899999999999749,0.0400000000000204,0.0100000000000477,0.0002230980887929,23,40,-0.0002230483271374,0.0,TSLA,0.79,-1.02
2026-06-22 23:45:00+00:00,403.4,403.6,403.4,403.46,3423.0,403.48137847958486,403.7509741786077,404.342832591895,402.949550556858,-0.2695956990228296,-0.5918584132872979,0.001266782510209,39.9458482020986,-0.3222078498077962,-0.3378026117559386,0.0155947619481423,-0.0272567336521579,0.298829677992347,0.0007406674217824,404.85990913454646,402.7212708654536,0.0053007442350986,4187.9,0.8173547601423148,403.5481779529077,-0.0002185066312405,0.0600000000000022,0.1400000000000432,0.0,0.0001487136271253,23,45,0.0001239433826627,0.0,TSLA,0.7733333333333333,-1.02
2026-06-22 23:55:00+00:00,403.49,403.6,403.32,403.4,14857.0,403.4776822269344,403.7032844451303,404.2763633422299,402.9600463256388,-0.2256022181959451,-0.5730788970996059,0.0010918047046421,39.58058442902441,-0.2866471633529954,-0.3210447281259885,0.034397564772993,-0.0458391664705086,0.2975623243913596,0.0007376359057792,404.54534539606425,402.7868346039357,0.0043592235798921,4906.05,3.0283017906462426,403.4750509806234,-0.0001860114533501,0.0900000000000318,0.1100000000000136,0.079999999999984,0.0002231036192365,23,55,-0.0003964714045,0.0,TSLA,0.7066666666666667,-1.02
2026-06-23 08:00:00+00:00,396.51,399.85,394.45,394.45,89078.0,401.6721457815475,402.86207676830026,403.8910157601816,402.8753692477717,-1.1899309867527563,-1.0289389918813754,-0.0209130909727819,7.439436787073845,-0.9892214942255464,-0.4546800813459001,-0.5345414128796463,-2.170138888888889,0.9155935869348332,0.0023211904853209,407.192893005522,399.0972869944781,0.0205237825099349,9287.15,9.59153238614645,399.28923985624,-0.0121196350244308,2.0600000000000023,3.340000000000032,0.0,0.0052224616554696,8,0,-0.0221864154685176,1.0,TSLA,0.78,1.48
2026-06-23 23:10:00+00:00,382.0,382.2,382.0,382.026,6106.0,382.1938117389528,382.21187150148506,382.34928542276816,387.800163199814,-0.018059762532232,-0.1374139212830982,-0.0148895326710805,45.98673555311264,0.0192456569296837,0.0762236330655973,-0.0569779761359136,-0.1108641652503538,0.3200629577026488,0.0008378041225012,382.8512802109613,381.8787897890388,0.0025456131831928,25983.65,0.2349939288745037,382.3888048714349,-0.0009487852855861,0.0260000000000104,0.1739999999999781,0.0,6.805819499199127e-05,23,10,-0.0003244799162631,0.0,TSLA,0.81,-1.02
2026-06-23 23:15:00+00:00,382.015,382.2,382.0,382.15,4356.0,382.1850493911623,382.2062468195319,382.3414703081498,387.7439426704627,-0.0211974283695894,-0.135223488617953,-0.0144268989269985,49.00600304078372,0.0125843719581553,0.0634957808441089,-0.0509114088859536,-0.0340064873914396,0.3114870321524589,0.0008150910170154,382.839362960921,381.85670703907897,0.0025713879938297,7018.65,0.6206321728537539,382.3313990480522,-0.0004744550107678,0.1349999999999909,0.0500000000000113,0.0149999999999863,0.0003532644249639,23,15,0.0003245852376538,0.0,TSLA,0.75,-1.02
2026-06-23 23:25:00+00:00,382.2,382.2,382.11,382.17,4029.0,382.1764316103439,382.1983031566379,382.32753179925714,387.63337327524056,-0.021871546293994,-0.129228642619239,-0.0140941767450999,49.53369484757738,0.0045338596242459,0.0426995924410527,-0.0381657328168068,-0.047077285209888,0.2902617777232893,0.0007595095840157,382.82624008132507,381.82183991867487,0.002628150201874,6896.1,0.5842432679340497,382.1804016707521,-2.721665136827457e-05,0.0299999999999727,0.0,0.0600000000000022,7.849909726031011e-05,23,25,5.2335470365205694e-05,0.0,TSLA,0.71,-1.02
2026-06-23 23:30:00+00:00,382.1512,382.1999,382.0,382.01,3472.0,382.1431452882752,382.18118468785264,382.3150795718353,387.5774193123029,-0.0380393995774852,-0.1338948839826912,-0.0143646637675162,45.47909686829065,-0.0103874377419401,0.0320821864044541,-0.0424696241463943,0.002617801047118,0.2838073650287696,0.0007429317688771,382.8272691434388,381.78681085656126,0.0027236414933576,6728.4,0.5160216396171453,382.1484947300307,-0.0003624107694798,0.1412000000000262,0.0486999999999966,0.0099999999999909,0.0003696238318369,23,30,-0.0004186618520554,0.0,TSLA,0.79,-1.02
2026-06-23 23:35:00+00:00,382.0299,382.0299,381.82,381.82,6877.0,382.07851623062015,382.1483497162296,382.29566468666536,387.5201315579516,-0.0698334856094788,-0.1473149704357297,-0.0147092527426519,41.16946117098427,-0.037116232684184,0.0182425025867265,-0.0553587352709106,-0.0785093687846779,0.278528267526715,0.0007294753222112,382.8143862401844,381.72369375981566,0.0028565619411469,6541.85,1.051231685226656,382.1114707881461,-0.0007627899459414,0.2099000000000046,0.0,0.0,0.0005497354774501,23,35,-0.0004973691788172,1.0,TSLA,0.8033333333333333,1.48
2026-06-23 23:40:00+00:00,381.8,381.97,381.7,381.8989,3837.0,382.0425929844962,382.1256724692997,382.2801052871883,387.46419890563374,-0.083079484803477,-0.1544328178886189,-0.0143633887243067,43.56120438893598,-0.051340602138282,0.0043258816417248,-0.0556664837800068,-0.0395497971469664,0.2779191055605238,0.0007277295262189,382.8016647385169,381.6803052614831,0.0029362731263007,6129.6,0.6259788566953798,382.0776834168047,-0.0004679242587681,0.0989000000000146,0.0711000000000012,0.1000000000000227,0.0002589690622309,23,40,0.0002066418731341,1.0,TSLA,0.7433333333333333,1.48
2026-06-23 23:55:00+00:00,382.674,382.7,382.3,382.4,11650.0,382.2268636080621,382.1958470843725,382.2938773995855,387.3144832821535,0.0310165236896295,-0.098030315213009,-0.0126886122112128,54.33004243480286,0.0243136727340242,0.0018469814947648,0.0224666912392594,0.0654193379562998,0.3361626366313673,0.0008790863928644,382.5892611662383,381.7699088337616,0.002142657773213,6299.2,1.8494411988823976,382.13976617726007,0.000680991212569,0.2740000000000009,0.0260000000000104,0.0999999999999659,0.0007165271966527,23,55,-0.0008883315044155,1.0,TSLA,0.72,1.48
2026-06-24 23:15:00+00:00,377.8432,377.9328,377.5,377.5,3221.0,377.6934682233262,377.68133506492114,377.5175383022703,380.20693912793934,0.0121331584050494,0.1637967626508611,-0.0071196468274569,48.1235294870861,0.0814532626112622,0.1603712836254983,-0.078918021014236,-0.0741172110752217,0.4854116408286479,0.0012858586512017,378.69171424501496,377.13072575498506,0.0041350688477613,9908.55,0.3250727906706834,377.87771275673066,-0.0009995634671733,0.3432000000000244,0.0895999999999617,0.0,0.0009091390728477,23,15,-0.0007940709370037,1.0,TSLA,0.7433333333333333,1.48
2026-06-24 23:25:00+00:00,377.7,377.75,377.6,377.6,3653.0,377.6678196629288,377.6713512933232,377.525762961842,380.1558104107702,-0.0035316303944341,0.1455883314811785,-0.0067230602315627,49.651808298665024,0.0570870568931241,0.1253314841369073,-0.0682444272437832,-0.0079442840875917,0.4544620780614343,0.0012035542321542,378.6709571457551,377.0944928542449,0.0041749583991266,9155.55,0.3989929605539809,377.7418355702235,-0.0003754828215131,0.0999999999999659,0.0500000000000113,0.0,0.0002648305084744,23,25,-0.000132397722759,1.0,TSLA,0.74,1.48
2026-06-24 23:45:00+00:00,377.88,378.02,377.58,377.7167,5849.0,377.7571797339356,377.7195888691504,377.57000728061,380.06444176836897,0.0375908647852156,0.1495815885404567,-0.0061772202562422,50.81905341481984,0.0711568198883014,0.0938342941488353,-0.0226774742605338,0.1157495759117977,0.4331687685212588,0.0011468086227621,378.4216529122568,377.1381170877432,0.0033981442295603,7351.05,0.7956686459757449,377.66734323879103,0.0001306884539862,0.1632999999999924,0.1399999999999863,0.1367000000000189,0.0004323346042152,23,45,-0.0004321477717793,1.0,TSLA,0.7066666666666667,1.48
2026-06-24 23:50:00+00:00,377.59,377.7,377.45,377.452,4038.0,377.6961437871485,377.69526260831856,377.5653795441154,380.0384473229126,0.0008811788299567,0.1298830642031134,-0.0068057517367839,46.26467269721636,0.0419337237493095,0.0834541800689302,-0.0415204563196206,-0.1131048689079048,0.4212781421983128,0.0011161105046424,378.2822571354076,377.16977286459246,0.0029473529635956,7155.9,0.5642896071772943,377.6771150415036,-0.0005960515809352,0.1379999999999768,0.1100000000000136,0.0020000000000095,0.0003656094019901,23,50,-0.0007007897718052,1.0,TSLA,0.81,1.48
2026-06-25 08:00:00+00:00,377.53,379.59,374.5,375.98,94550.0,377.3695320237751,377.54798562670953,377.5120477837068,379.9760132777571,-0.1784536029344394,0.0359378430027845,-0.0105164882469463,32.01319717179865,-0.0959548376049497,0.0416310584708322,-0.1375858960757819,-0.4817363684489129,0.762500030773034,0.0020280334878797,378.3995602963285,376.76090970367153,0.0043583451052103,11152.7,8.477767715441104,377.1750146310096,-0.0031683292494298,1.5499999999999543,2.0600000000000023,1.4800000000000182,0.0041225597106227,8,0,-0.0048173636844891,1.0,TSLA,0.7533333333333333,1.48
2026-06-25 23:00:00+00:00,374.5068,374.56,374.44,374.56,717.0,374.4709930237744,374.4991406217166,374.5470425532319,375.84962502409246,-0.0281475979421657,-0.0479019315152982,-0.0034312260495398,51.11883127428406,-0.0376435677551967,-0.0523347055150181,0.0146911377598213,0.0694629975955092,0.3488724094386583,0.0009314192904705,374.805826330543,374.1747836694569,0.0016847572113575,3620.05,0.1980635626579743,374.4368118614704,0.0003289958001651,0.0532000000000039,0.0,0.0668000000000006,0.0001420333190944,23,0,0.0001602136181575,1.0,TSLA,0.7633333333333333,1.48
2026-06-25 23:05:00+00:00,374.78,374.78,374.31,374.31,379.0,374.4387944190196,374.4819460197424,374.53774676683065,375.8343053721115,-0.0431516007228083,-0.0558007470882557,-0.004055790943837,45.81717944096848,-0.0478077310148705,-0.0514293106149886,0.003621579600118,0.0476837561970201,0.3575243801930377,0.0009551558339158,374.7840386465339,374.15957135346616,0.0016683158159485,3506.95,0.108071115926945,374.4287002840053,-0.0003170170553574,0.4699999999999704,0.0,0.0,0.0012556437177739,23,5,-0.0006674498077744,1.0,TSLA,0.8066666666666666,1.48
2026-06-25 23:25:00+00:00,375.42,375.6,375.34,375.4094,11230.0,374.9309503540305,374.7232601323286,374.64011363029306,375.8103244741478,0.2076902217019096,0.0831465020355608,-0.0010668266623829,63.40314334560976,0.1511239778301387,0.0299127379522884,0.1212112398778503,0.2562157831486223,0.3723553707489948,0.0009918648034625,375.3047386398511,373.8716813601489,0.0038173185852624,5340.3,2.102878115461678,374.897437501074,0.0013656068239318,0.0106000000000108,0.1800000000000068,0.0694000000000301,2.8235840658254224e-05,23,25,-0.0002412782956058,0.0,TSLA,0.7433333333333333,-1.02
2026-06-25 23:30:00+00:00,375.4,375.6,375.2,375.385,2928.0,375.0217602832244,374.7834183021169,374.6693248604777,375.806092389828,0.23834198110751,0.1140934416392269,-0.0011205044259665,62.83397635726628,0.1831363819297848,0.0605574667477877,0.1225789151819971,0.2796937527047664,0.374329987124069,0.0009971895177592,375.4246197169776,373.8322602830224,0.0042419367687977,5281.6,0.5543774613753407,374.933100328513,0.0012052808116728,0.0149999999999863,0.2000000000000454,0.1850000000000022,3.995897545183307e-05,23,30,-6.49957086850117e-05,0.0,TSLA,0.73,-1.02
2026-06-25 23:35:00+00:00,375.34,375.4,374.9,374.9,4966.0,374.9974082265796,374.794016638288,374.6783709443805,375.79707654515306,0.203391588291538,0.1156456939075383,-0.0023871301857913,52.70594350478669,0.1674408423277782,0.0819341418637858,0.0855067004639924,0.18438844499078,0.383306416615207,0.0010224230904646,375.4481693593044,373.8387106406957,0.00429303472555,5409.35,0.9180400602660208,375.0102159153546,-0.0002939011010289,0.4399999999999977,0.0600000000000022,0.0,0.0011736463056815,23,35,-0.0012920068729438,0.0,TSLA,0.7766666666666666,-1.02
2026-06-25 23:40:00+00:00,374.9,375.0,374.5001,374.61,9269.0,374.9199265812637,374.7772878529891,374.6756897308754,375.7852648382361,0.1426387282746191,0.1015981221137281,-0.0031274904798143,47.74980843836225,0.1301017062597793,0.0915676547429845,0.0385340515167948,-0.0133454331927644,0.3916345297141225,0.0010454460097544,375.4514857372714,373.8513942627285,0.0042713528056992,5451.35,1.700312766562411,374.9904202442662,-0.0010144799006288,0.2899999999999636,0.1000000000000227,0.1099000000000387,0.000774138437308,23,40,-0.0007735396105627,0.0,TSLA,0.76,-1.02
2026-06-25 23:45:00+00:00,374.74,374.74,374.4,374.4,4969.0,374.81594126501096,374.7429889572628,374.6648783688803,375.7714811085025,0.072952307748153,0.0781105883825148,-0.0036497743374689,44.4874824826704,0.0826126200952899,0.0897766478134456,-0.0071640277181557,-0.0267022696929299,0.3879463490202589,0.0010361814877677,375.45129598328987,373.8528840167101,0.0042692627312493,5570.7,0.8919884395138852,374.9780241918488,-0.0015414881794594,0.3400000000000318,0.0,0.0,0.0009081196581197,23,45,-0.0005605830063266,0.0,TSLA,0.7966666666666666,-1.02
2026-06-26 23:05:00+00:00,377.95,377.9998,377.95,377.99,967.0,377.8968127473472,377.8744500476856,378.4975332887718,377.8068697274041,0.0223626996615848,-0.623083241086249,0.0004847192766188,50.59828677147093,-0.0782946340945045,-0.1761050084965558,0.0978103744020512,0.037051740108505,0.3390880515755466,0.0008970820698313,378.2429289613484,377.1835710386516,0.002802608330106,4676.3,0.2067874174026474,377.8465000191688,0.0003797838032744,0.0400000000000204,0.0097999999999842,0.0,0.0001058229053679,23,5,0.0002116906141673,1.0,TSLA,0.76,1.48
2026-06-26 23:10:00+00:00,377.9601,378.15,377.9601,378.15,3891.0,377.94745019787774,377.8995000433505,378.4839045323494,377.8102839589722,0.0479501545272569,-0.5844044889989277,0.0008991709740348,54.34203675792975,-0.0500831867162219,-0.150900644140489,0.1008174574242671,0.0509581238520453,0.3284317621772908,0.0008685224439436,378.26770147903386,377.2537985209662,0.0026812189820644,3819.4,1.0187463999581086,377.8872230190024,0.0006953846676746,0.1898999999999659,0.0,0.0,0.0005021816739388,23,10,0.0004232916214714,1.0,TSLA,0.74,1.48
2026-06-26 23:15:00+00:00,378.0477,378.24,378.01,378.1,3466.0,377.9779601583022,377.9177273121368,378.4688494526494,377.8131667056491,0.0602328461654337,-0.5511221405126321,0.0007591934840491,52.99059198105179,-0.0313980563005884,-0.1270001265725089,0.0956020702719204,0.0264814884871656,0.3214009220217714,0.0008500421106103,378.2996883497467,377.2868116502533,0.0026788592951425,3554.05,0.9752254470252248,377.93056836314696,0.000448314190585,0.0523000000000024,0.1399999999999863,0.0377000000000293,0.0001383231949219,23,15,-0.0001322226629643,1.0,TSLA,0.8233333333333334,1.48
2026-06-26 23:20:00+00:00,378.1,378.1,378.05,378.0893,2222.0,378.0002281266418,377.9333248292153,378.45396516038863,377.8159143006178,0.0669032974265064,-0.5206403311733538,0.0007235949811384,52.68861237794481,-0.017254457754916,-0.1050509928089903,0.0877965350540742,0.0712773278280628,0.3020151418773599,0.0007987931472204,378.318310550421,377.3351194495789,0.0026004203262088,3562.75,0.6236755315416462,377.95143846380586,0.0003647599193019,0.0107000000000425,0.0,0.0392999999999688,2.830019257366597e-05,23,20,-2.829939169546325e-05,1.0,TSLA,0.8066666666666666,1.48
2026-06-26 23:25:00+00:00,378.06,378.07,378.0261,378.03,4275.0,378.0061825013135,377.9421134811048,378.4373390756675,377.8180445065818,0.0640690202086489,-0.4952255945627257,0.0005609988630769,50.95550470365544,-0.0107071431364715,-0.0861822228744866,0.075475079738015,0.0534105183255224,0.2849569174575481,0.0007537944540315,378.279089523119,377.45539047688106,0.0021789250753589,3623.85,1.17968458959394,377.9659036304837,0.0001695824118013,0.0300000000000295,0.0099999999999909,0.0038999999999873,7.935878104920129e-05,23,25,-0.0001568412541693,1.0,TSLA,0.8166666666666667,1.48
2026-06-26 23:30:00+00:00,378.03,378.03,377.8566,377.89,2558.0,377.9829460010508,377.9373758919135,378.4158747981904,377.8187604816407,0.0455701091373157,-0.4784989062769114,0.0001885547405546,47.02293405063912,-0.0166235531289657,-0.0722704889253824,0.0556469357964166,-0.0079381879762991,0.2769885662105774,0.000732987287863,378.2159427407354,377.5775372592647,0.0016893950130215,3654.0,0.7000547345374931,377.9644545447621,-0.0001969882190425,0.1399999999999863,0.0,0.0333999999999719,0.0003704781814813,23,30,-0.0003703409782291,1.0,TSLA,0.8566666666666667,1.48
2026-06-26 23:35:00+00:00,377.93,378.01,377.895,377.99,2467.0,377.9843568008407,377.9421599017395,378.3991738257123,377.8204643574453,0.0421968991011567,-0.457013923972795,0.0004487201158969,49.99175294643454,-0.0130922669051187,-0.0604348445213297,0.0473425776162109,0.007937347867507,0.2657750971955365,0.0007031273239914,378.2014900126744,377.6339899873256,0.0015013625369685,3467.9,0.711381527725713,377.964368712958,6.781403000842898e-05,0.0600000000000022,0.0199999999999818,0.035000000000025,0.0001587343580518,23,35,0.0002646272724866,1.0,TSLA,0.8266666666666667,1.48
2026-06-26 23:40:00+00:00,377.9681,378.0499,377.9681,378.0,4254.0,377.9874854406726,377.94741809249047,378.38351995019417,377.82225078174935,0.0400673481821058,-0.4361018577037043,0.0004704572530677,50.291744487529925,-0.009378669243631,-0.0502236094657899,0.0408449402221589,0.0238151940938252,0.2526340188244258,0.0006683439651439,378.17284047124025,377.7066395287597,0.0012333358266681,3513.4,1.2107929640803778,377.9788277463636,5.601439044252744e-05,0.0319000000000073,0.0498999999999796,0.0,8.439153439155387e-05,23,40,2.645572634185633e-05,1.0,TSLA,0.82,1.48
2026-06-26 23:45:00+00:00,378.03,378.05,378.0008,378.0494,2695.0,377.9998683525381,377.95668917499137,378.3704172070493,377.82451097297576,0.0431791775467331,-0.4137280320579748,0.0005952208511964,51.82906384725954,-0.0024215352440251,-0.040663194621437,0.0382416593774119,0.0368870895186595,0.2381601603369676,0.0006299710046807,378.1400769044319,377.78434309556815,0.0009409717588859,3426.8,0.7864479981323683,377.98687909550256,0.0001654049596828,0.0194000000000187,0.0006000000000199,0.0291999999999461,5.131604494020817e-05,23,45,0.0001306878306877,1.0,TSLA,0.7866666666666666,1.48
2026-06-26 23:50:00+00:00,378.04,378.05,378.0,378.0065,3529.0,378.0011946820305,377.9612174318104,378.3561459440278,377.8263218090656,0.0399772502200903,-0.3949285122174046,0.0004768809914347,50.37212646708414,-0.0003654156118955,-0.0326036388195287,0.0322382232076332,0.0255351803339397,0.2247201488843279,0.0005944875257021,378.1436777544537,377.79239224554624,0.0009293107629299,3328.2,1.060332912685536,377.9951669222545,2.9982070505811308e-05,0.0335000000000036,0.0099999999999909,0.0065000000000168,8.862281468705865e-05,23,50,-0.0001134772333984,1.0,TSLA,0.81,1.48
2026-06-26 23:55:00+00:00,378.02,378.02,377.837,377.91,6828.0,377.9829557456244,377.9565613016458,378.33865002465416,377.8271544278808,0.0263944439785746,-0.3820887230083372,0.0002192684436475,47.16066894037321,-0.0064483370896937,-0.0273725784735617,0.0209242413838679,-0.0211645810735691,0.2217401382497325,0.0005867538256456,378.1404502802792,377.8016197197208,0.0008965906182909,3427.55,1.992093477848609,377.9874588861506,-0.0002049244871214,0.1099999999999568,0.0,0.0730000000000359,0.00029107459448,23,55,-0.0002552866154418,1.0,TSLA,0.8266666666666667,1.48
2026-06-29 13:30:00+00:00,381.85,386.4534,379.3,385.36,1497281.0,382.8194121219204,382.5400480676229,382.2514429424671,380.1565525062125,0.2793640542975026,0.2886051251557546,0.0136876438390537,71.85023180461064,0.1769450834457302,-0.0410910551658125,0.2180361386115427,0.8933153204101173,0.9772617983903784,0.0025359710358895,384.0017605962431,380.7455094037569,0.0084498941054758,91180.2,16.421119936126484,383.4531187163132,0.0049729189583084,3.509999999999991,1.0933999999999742,2.550000000000012,0.0091083662030309,13,30,0.0095093390616403,1.0,TSLA,0.7,1.48
2026-06-29 23:50:00+00:00,409.1065,409.15,409.0,409.0,4891.0,409.0379668043444,409.3166855614486,409.337302986144,399.6497011105175,-0.2787187571042295,-0.0206174246953878,0.02339623641279,41.86736119381975,-0.3532914692859776,-0.4201206866345883,0.0668292173486106,0.0415820756793816,0.4076559149316332,0.0009967137284392,409.94896050696906,408.32475949303097,0.0039711516233205,11576.8,0.422482896828139,408.9630591761849,9.032802104302616e-05,0.1064999999999827,0.0434999999999945,0.0,0.0002603911980439,23,50,-0.0002603234121187,1.0,TSLA,0.7,1.48
2026-07-01 23:30:00+00:00,423.4,423.5305,423.05,423.17,2829.0,423.231062309221,423.5365664276409,424.1830395632725,422.5315488443596,-0.3055041184198899,-0.6464731356315383,0.0015110141654194,38.76853378611613,-0.3735879921387095,-0.403336550716297,0.0297485585775875,0.0319122531232618,0.385870519949421,0.0009118569840712,424.1433446521035,422.7311553478966,0.0033371678148424,7583.8,0.3730319892402226,423.2551554483336,-0.0002011917568809,0.2299999999999613,0.1305000000000404,0.1200000000000045,0.0005435167899424,23,30,-0.0001890135853513,1.0,TSLA,0.72,1.48
2026-07-01 23:40:00+00:00,423.32,423.32,423.0,423.09,4674.0,423.2362798779015,423.4879887831743,424.11217915856105,422.54605494382525,-0.2517089052727783,-0.6241903753867746,0.0012873035964021,39.40953815941098,-0.3280775504248936,-0.3772793702057357,0.0492018197808421,-0.0873754309734106,0.3986332544461831,0.0009421949335748,423.9122648993811,422.7942351006189,0.0026425342096533,7623.15,0.6131323665413904,423.2333164438823,-0.0003386227839682,0.2300000000000182,0.0,0.0899999999999749,0.0005436195608499,23,40,-0.0008265633856037,1.0,TSLA,0.7533333333333333,1.48
2026-07-01 23:45:00+00:00,423.0369,423.0369,422.84,422.91,8236.0,423.1710239023212,423.4354443483402,424.0650348778332,422.5496762876678,-0.2644204460190167,-0.6295905294929298,0.0008527369266919,36.8415215982578,-0.3336244517653881,-0.3685483865176663,0.0349239347522781,-0.1605325904766283,0.3880165934143129,0.0009174921222347,423.7948941075012,422.79960589249873,0.0023534279515794,7655.8,1.0757856788317357,423.2090481423186,-0.0007066203892171,0.1268999999999778,0.0,0.07000000000005,0.0003000638433708,23,45,-0.0004254413954476,1.0,TSLA,0.7033333333333334,1.48
2026-07-02 23:20:00+00:00,394.34,394.4,394.1826,394.36,7625.0,394.1474788876737,393.8651932391668,393.853710409156,403.72623749066526,0.2822856485068996,0.0114828300108342,-0.023199476825882,62.63073096014508,0.3027030688386958,0.2807656192883696,0.0219374495503262,0.2185514612452385,0.3712706505321901,0.0009414510866522,394.6851382877624,392.9257917122377,0.0044612703507573,31657.2,0.2408614785893888,394.02080523460666,0.0008608549621926,0.0200000000000386,0.0399999999999636,0.1573999999999955,5.071508266568276e-05,23,20,0.0004058853373922,1.0,TSLA,0.7433333333333333,1.48
2026-07-02 23:25:00+00:00,394.35,394.51,394.35,394.4887,9481.0,394.215723110139,393.92187567196976,393.8786119617381,403.6343216947382,0.2938474381692231,0.0432637102316562,-0.0226581863909355,64.53240008914125,0.3134718216880969,0.287306859768315,0.0261649619197819,0.2086278924797958,0.3561798897798885,0.0009028899681534,394.7611701244475,392.96762987555246,0.0045464933441567,31611.45,0.2999229709488176,394.0776412658124,0.0010430907291955,0.1386999999999716,0.0212999999999965,0.0,0.0003515943549206,23,25,0.0003263515569529,0.0,TSLA,0.7233333333333334,-1.02
2026-07-02 23:30:00+00:00,394.48,394.53,394.2728,394.53,8416.0,394.2785784881112,393.9771597017907,393.9041565906896,403.54373142911896,0.3014187863205393,0.0730031111011157,-0.0223364426878781,65.1453670342367,0.3216311372061682,0.2941717152558857,0.0274594219502825,0.1370593162262909,0.3491098976527504,0.0008848754154379,394.83506412571415,393.0077458742858,0.0046316332127552,9741.95,0.8638927524776866,394.130345969525,0.0010140148673196,0.0499999999999545,0.0,0.2072000000000002,0.0001267330747977,23,30,0.0001046924791507,0.0,TSLA,0.7666666666666667,-1.02
2026-07-02 23:35:00+00:00,394.42,394.5,394.38,394.38,9095.0,394.298862790489,394.0137815470825,393.9228171165449,403.45255002186406,0.2850812434065233,0.0909644305376105,-0.0224872789163741,61.02052710142069,0.3123926392535736,0.2978159000554233,0.0145767391981503,0.0456621004566227,0.3348877621061237,0.0008491499622347,394.87041056060576,393.0723994393943,0.004559082918027,9999.9,0.9095090950909508,394.1975250109684,0.0004629024218923,0.0400000000000204,0.079999999999984,0.0,0.0001014250215528,23,35,-0.0003801992243934,0.0,TSLA,0.7833333333333333,-1.02
2026-07-02 23:40:00+00:00,394.42,394.45,394.01,394.1176,7774.0,394.2626102323912,394.0232195882568,393.9304556609941,403.3596649470196,0.2393906441344597,0.0927639272626947,-0.0229127147560318,54.517484104513166,0.280662276022781,0.2943851752488948,-0.0137228992261138,-0.1475551051431484,0.3423957790985433,0.0008687655133862,394.8616682947,393.1599017053001,0.0043179157424075,9842.6,0.7898319549712474,394.23941818997577,-0.0003089954589905,0.3024000000000342,0.0299999999999727,0.1075999999999908,0.0007672836737056,23,40,-0.0006653481413865,1.0,TSLA,0.7,1.48
2026-07-02 23:45:00+00:00,394.1295,394.49,394.1295,394.37,9968.0,394.28408818591305,394.05474508023343,393.9476926938963,403.2702155445617,0.229343105679618,0.107052386337159,-0.0220701038695436,59.039350331466,0.272738347269069,0.2900558096529297,-0.0173174623838607,-0.03295310519645,0.3445389377343635,0.0008736438819747,394.88235609869554,393.2292139013045,0.0041918558647743,9337.25,1.0675520094246165,394.27194852541606,0.000248689958671,0.2404999999999972,0.1200000000000045,0.0,0.0006098334051778,23,45,0.0006404179869157,1.0,TSLA,0.74,1.48
2026-07-02 23:50:00+00:00,394.3352,394.47,394.15,394.35,7253.0,394.29727054873047,394.08158643657583,393.9634694509984,403.1814571809343,0.2156841121546335,0.1181169855774442,-0.0219044229927741,58.54267666557517,0.2618265700714914,0.284409961736642,-0.0225833916651506,0.030718194429686,0.3427861564676268,0.0008692434549705,394.8887133868545,393.31185661314544,0.0039986224767569,9240.1,0.7849482148461596,394.2978701213243,0.0001322093843917,0.0148000000000365,0.1200000000000045,0.1852000000000089,3.7530112844013086e-05,23,50,-5.0713796688306445e-05,1.0,TSLA,0.73,1.48
2026-07-02 23:55:00+00:00,394.3482,394.55,394.3482,394.4,12809.0,394.3178164389844,394.1105331241599,393.9805882960573,403.0940794975419,0.2072833148245081,0.1299448281026229,-0.0215683631681693,59.46085872149808,0.2542822822948096,0.2783844258482756,-0.0241021435534659,0.1015228426395881,0.3327157167199385,0.0008435996874237,394.8866936690501,393.4088763309499,0.0037470013643513,9530.35,1.3440219928963784,394.3546708237144,0.0001149451994341,0.0517999999999574,0.1500000000000341,0.0,0.0001313387423934,23,55,0.0001267909217699,1.0,TSLA,0.7466666666666667,1.48
2026-07-06 13:30:00+00:00,397.74,400.66,394.1001,394.29,2081836.0,397.3296494666366,397.9376157747021,398.1155751427668,400.9513086896459,-0.6079663080654996,-0.1779593680646485,-0.0166137596892145,22.36975045703339,-0.5025726591449029,-0.2443858081940266,-0.2581868509508763,-0.9375370582902932,1.0988940172129602,0.0027870197499631,399.98870372894254,396.14309627105735,0.0097532462347135,131520.65,15.828966782022444,396.68010831114833,-0.006025278961741,3.4499999999999886,2.920000000000016,0.1899000000000228,0.008749904892338,13,30,-0.0077759323569378,0.0,TSLA,0.72,-1.02
